path,level,prefLabel,synonym,definition,word_count_in_prefLabel,id
symptom,0,symptom,[],"A symptom is a perceived change in function, sensation, loss, disturbance or appearance reported by a patient indicative of a disease.",1,s0001
symptom/musculoskeletal system symptom,1,musculoskeletal system symptom,[],,3,s0002
symptom/musculoskeletal system symptom/torticollis,2,torticollis,"['twisted neck', 'wry neck']",,1,s0003
symptom/musculoskeletal system symptom/loss of height,2,loss of height,[],,3,s0004
symptom/musculoskeletal system symptom/abnormal posture,2,abnormal posture,[],,2,s0005
symptom/musculoskeletal system symptom/tetany,2,tetany,[],,1,s0006
symptom/musculoskeletal system symptom/postural reaction,2,postural reaction,[],,2,s0007
symptom/musculoskeletal system symptom/postural reaction/abnormal hemiwalking,3,abnormal hemiwalking,[],,2,s0008
symptom/musculoskeletal system symptom/postural reaction/wheelbarrowing,3,wheelbarrowing,[],,1,s0009
symptom/musculoskeletal system symptom/postural reaction/hopping,3,hopping,[],,1,s0010
symptom/musculoskeletal system symptom/postural reaction/conscious proprioception,3,conscious proprioception,[],,2,s0011
symptom/musculoskeletal system symptom/postural reaction/abnormal hemiwalking hemistanding,3,abnormal hemiwalking hemistanding,[],,3,s0012
symptom/musculoskeletal system symptom/postural reaction/abnormal hemistanding,3,abnormal hemistanding,[],,2,s0013
symptom/musculoskeletal system symptom/muscle symptom,2,muscle symptom,[],,2,s0014
symptom/musculoskeletal system symptom/muscle symptom/muscle tightness,3,muscle tightness,[],,2,s0015
symptom/musculoskeletal system symptom/muscle symptom/opisthotonus,3,opisthotonus,[],,1,s0016
symptom/musculoskeletal system symptom/muscle symptom/muscle weakness,3,muscle weakness,[],,2,s0017
symptom/musculoskeletal system symptom/muscle symptom/muscle weakness/limb weakness,4,limb weakness,['extremities weakness'],,2,s0018
symptom/musculoskeletal system symptom/muscle symptom/muscle weakness/limb weakness/leg weakness,5,leg weakness,[],,2,s0019
symptom/musculoskeletal system symptom/muscle symptom/muscle weakness/limb weakness/arm weakness,5,arm weakness,[],,2,s0020
symptom/musculoskeletal system symptom/muscle symptom/muscle weakness/hand weakness,4,hand weakness,[],"A muscle weakness that is characterized by a reduction in muscle strength, which may be the result of a variety of conditions, such as carpal tunnel syndrome, arthritis, peripheral neuropathy, tendon damage, and ganglion cysts.",2,s0021
symptom/musculoskeletal system symptom/muscle symptom/muscle weakness/deltoid muscle weakness,4,deltoid muscle weakness,[],,3,s0022
symptom/musculoskeletal system symptom/muscle symptom/muscle weakness/sternocleidomastoid weakness,4,sternocleidomastoid weakness,[],,2,s0023
symptom/musculoskeletal system symptom/muscle symptom/muscle weakness/peripheral muscle weakness,4,peripheral muscle weakness,[],,3,s0024
symptom/musculoskeletal system symptom/muscle symptom/muscle cramp,3,muscle cramp,[],,2,s0025
symptom/musculoskeletal system symptom/muscle symptom/muscle cramp/leg cramp,4,leg cramp,[],,2,s0026
symptom/musculoskeletal system symptom/muscle symptom/muscle twitching,3,muscle twitching,[],,2,s0027
symptom/musculoskeletal system symptom/muscle symptom/muscle twitching/facial muscle twitching,4,facial muscle twitching,[],,3,s0028
symptom/musculoskeletal system symptom/muscle symptom/muscle necrosis,3,muscle necrosis,[],,2,s0029
symptom/musculoskeletal system symptom/muscle symptom/muscle soreness,3,muscle soreness,[],,2,s0030
symptom/musculoskeletal system symptom/muscle symptom/muscle tenderness,3,muscle tenderness,[],,2,s0031
symptom/musculoskeletal system symptom/muscle symptom/flaccid muscle tone,3,flaccid muscle tone,[],,3,s0032
symptom/musculoskeletal system symptom/muscle symptom/cataplexy,3,cataplexy,[],"Cataplexy is a muscle symptom characterized by a sudden loss of muscle control with retention of clear consciousness that follows a strong emotional stimulus (as elation, surprise, or anger) and is a characteristic symptom of narcolepsy.",1,s0033
symptom/musculoskeletal system symptom/contracture,2,contracture,[],"A musculoskeletal system symptom that is characterized by a permanent tightening of the muscles, tendons, skin, and nearby tissues that causes the joints to shorten and become very stiff.",1,s0034
symptom/musculoskeletal system symptom/arthritis,2,arthritis,[],"Arthritis is a musculoskeletal system symptom characterized as an inflammation of joints due to infectious, metabolic, or constitutional causes.|doid/symp duplicate",1,s0035
symptom/musculoskeletal system symptom/arthritis/acute arthritis,3,acute arthritis,[],,2,s0036
symptom/musculoskeletal system symptom/motor weakness,2,motor weakness,[],,2,s0037
symptom/musculoskeletal system symptom/motor weakness/inibility to stand,3,inibility to stand,[],,3,s0038
symptom/musculoskeletal system symptom/joint symptom,2,joint symptom,[],,2,s0039
symptom/musculoskeletal system symptom/joint symptom/joint inflammation,3,joint inflammation,[],,2,s0040
symptom/musculoskeletal system symptom/joint symptom/joint inflammation/synovitis,4,synovitis,[],Synovitis is a joint inflammation characterized by an inflammation of a synovial membrane usually with pain and swelling of the joint.|doid/symp duplicate,1,s0041
symptom/musculoskeletal system symptom/inability to lie flat,2,inability to lie flat,[],,4,s0042
symptom/musculoskeletal system symptom/soft tissue necrosis,2,soft tissue necrosis,[],"A musculoskeletal system symptom that is characterized by necrosis (i.e. tissue death) of soft tissue, including muscle, fat, blood vessels, nerves, tendons, and tissues that surround the bones and joints.",3,s0043
symptom/musculoskeletal system symptom/clubbing of fingers,2,clubbing of fingers,[],,3,s0044
symptom/musculoskeletal system symptom/cellulitis,2,cellulitis,[],Cellulitis is a musculoskeletal system symptom characterized as a diffuse and especially subcutaneous inflammation of connective tissue.|doid/symp duplicate,1,s0045
symptom/musculoskeletal system symptom/recumbency,2,recumbency,[],,1,s0046
symptom/musculoskeletal system symptom/uncoordinated gait,2,uncoordinated gait,[],,2,s0047
symptom/musculoskeletal system symptom/decreased jaw tone,2,decreased jaw tone,[],,3,s0048
symptom/musculoskeletal system symptom/staggering gait,2,staggering gait,[],,2,s0049
symptom/musculoskeletal system symptom/hypokinesia,2,hypokinesia,[],Hypokinesia is a musculoskeletal system  symptom characterized by the slow or diminished movement of body musculature. It may be associated with basal ganglia diseases; mental disorders; prolonged inactivity due to illness; experimental protocols used to evaluate the physiologic effects of immobility; and other conditions.,1,s0050
symptom/musculoskeletal system symptom/hypokinesia/postural instability hypokinesia,3,postural instability hypokinesia,[],Postural instability hypokinesia is a hypokinesia described as a loss of ability to maintain an upright posture.,3,s0051
symptom/musculoskeletal system symptom/hypokinesia/freezing hypokinesia,3,freezing hypokinesia,[],Freezing hypokinesia is a hypkinesia where a person can not move their muscles how they want them to.,2,s0052
symptom/musculoskeletal system symptom/hypokinesia/bradykinesia,3,bradykinesia,[],Bradykinesia is a hypokinesia characterized by an extreme slowness in the execution of movements and reflexes.,1,s0053
symptom/musculoskeletal system symptom/hypokinesia/rigidity hypokinesia,3,rigidity hypokinesia,[],Rigidity hypokinesia a type of hypokinesia described as the increase in muscle tension when moved by an outside force.,2,s0054
symptom/musculoskeletal system symptom/abnormality of gait,2,abnormality of gait,[],Abnormality of gait is a nervous system and musculoskeletal system symptom characterized by a difficulty in the manner of walking or moving on foot.,3,s0055
symptom/musculoskeletal system symptom/abnormality of gait/wobble,3,wobble,[],,1,s0056
symptom/musculoskeletal system symptom/lameness,2,lameness,[],Lameness is a musculoskeletal system symptom where a person is physically disabled as the result of having a body part and especially a limb so disabled as to impair freedom of movement.,1,s0057
symptom/hemic and immune system symptom,1,hemic and immune system symptom,[],,5,s0058
symptom/hemic and immune system symptom/hematopoietic system symptom,2,hematopoietic system symptom,[],,3,s0059
symptom/hemic and immune system symptom/immune system symptom,2,immune system symptom,[],,3,s0060
symptom/hemic and immune system symptom/immune system symptom/anaphylactic shock,3,anaphylactic shock,['anaphylaxis'],An acute allergic reaction to an antigen to which the body has become hypersensitive.,2,s0061
symptom/hemic and immune system symptom/immune system symptom/lymphatic system symptom,3,lymphatic system symptom,[],,3,s0062
symptom/hemic and immune system symptom/immune system symptom/lymphatic system symptom/enlargement of lymph nodes,4,enlargement of lymph nodes,"['swelling of lymph nodes', 'swollen lymph glands']",,4,s0063
symptom/hemic and immune system symptom/immune system symptom/lymphatic system symptom/enlargement of lymph nodes/lymphadenopathy,5,lymphadenopathy,['adenopathy'],,1,s0064
symptom/hemic and immune system symptom/immune system symptom/lymphatic system symptom/enlargement of lymph nodes/lymphadenopathy/painful reginal lymphadenopathy,6,painful reginal lymphadenopathy,[],,3,s0065
symptom/hemic and immune system symptom/immune system symptom/lymphatic system symptom/enlargement of lymph nodes/lymphadenopathy/cervical lymphadenopathy,6,cervical lymphadenopathy,[],,2,s0066
symptom/hemic and immune system symptom/immune system symptom/lymphatic system symptom/lymphoblastoma,4,lymphoblastoma,[],,1,s0067
symptom/hemic and immune system symptom/immune system symptom/lymphatic system symptom/lymphopenia,4,lymphopenia,[],doid/symp duplicate,1,s0068
symptom/hemic and immune system symptom/immune system symptom/lymphatic system symptom/lymphangitis,4,lymphangitis,[],doid/symp duplicate,1,s0069
symptom/hemic and immune system symptom/immune system symptom/lymphatic system symptom/lymphadenitis,4,lymphadenitis,[],doid/symp duplicate,1,s0070
symptom/hemic and immune system symptom/immune system symptom/lymphatic system symptom/lymphadenitis/bubo,5,bubo,['buboes'],,1,s0071
symptom/hemic and immune system symptom/immune system symptom/lymphatic system symptom/lymphadenitis/hilar lymphadenitis,5,hilar lymphadenitis,[],,2,s0072
symptom/hemic and immune system symptom/immune system symptom/lymphatic system symptom/lymphadenitis/acute mesenteric lymphadenitis,5,acute mesenteric lymphadenitis,[],,3,s0073
symptom/hemic and immune system symptom/immune system symptom/spleen symptom,3,spleen symptom,[],,2,s0074
symptom/hemic and immune system symptom/immune system symptom/spleen symptom/hepatosplenomegaly,4,hepatosplenomegaly,[],,1,s0075
symptom/hemic and immune system symptom/immune system symptom/spleen symptom/splenomegaly,4,splenomegaly,['esplenomegaly'],,1,s0076
symptom/hemic and immune system symptom/immune system symptom/spleen symptom/spleen abscess,4,spleen abscess,[],,2,s0077
symptom/hemic and immune system symptom/immune system symptom/thymus symptom,3,thymus symptom,[],,2,s0078
symptom/hemic and immune system symptom/immune system symptom/allergic reaction,3,allergic reaction,[],An immune system symptom that is characterized by sensitivities to substances called allergens.,2,s0079
symptom/hemic and immune system symptom/hemic system symptom,2,hemic system symptom,[],,3,s0080
symptom/hemic and immune system symptom/hemic system symptom/toxemia,3,toxemia,[],,1,s0081
symptom/hemic and immune system symptom/hemic system symptom/toxemia/intense toxemia,4,intense toxemia,[],,2,s0082
symptom/hemic and immune system symptom/hemic system symptom/microangiopathy,3,microangiopathy,[],,1,s0083
symptom/hemic and immune system symptom/hemic system symptom/coagulopathy,3,coagulopathy,[],,1,s0084
symptom/hemic and immune system symptom/hemic system symptom/hyponatremia,3,hyponatremia,[],,1,s0085
symptom/hemic and immune system symptom/hemic system symptom/septicemia,3,septicemia,[],,1,s0086
symptom/hemic and immune system symptom/hemic system symptom/thrombocytopenia,3,thrombocytopenia,[],doid/symp duplicate,1,s0087
symptom/hemic and immune system symptom/hemic system symptom/vasculitis,3,vasculitis,[],doid/symp duplicate,1,s0088
symptom/hemic and immune system symptom/hemic system symptom/leukocytosis,3,leukocytosis,[],,1,s0089
symptom/hemic and immune system symptom/hemic system symptom/anemia,3,anemia,['anaemia'],"doid/symp duplicate - reviewed 10/2022, both DO & SYMP",1,s0090
symptom/hemic and immune system symptom/hemic system symptom/anemia/hemolytic anemia,4,hemolytic anemia,[],doid/symp duplicate,2,s0091
symptom/hemic and immune system symptom/hemic system symptom/anemia/hemolytic anemia/microangiopathic hemolytic anemia,5,microangiopathic hemolytic anemia,[],,3,s0092
symptom/hemic and immune system symptom/hemic system symptom/anemia/moderate anemia,4,moderate anemia,[],,2,s0093
symptom/hemic and immune system symptom/hemic system symptom/ischemia,3,ischemia,[],,1,s0094
symptom/hemic and immune system symptom/hemic system symptom/hemolysis,3,hemolysis,['haemolysis'],,1,s0095
symptom/hemic and immune system symptom/hemic system symptom/hyperemia,3,hyperemia,"['hyperaemia', 'hyperemic']",Hyperemia is a hemic system symptom consisting of an excess of blood in a body part as from an increased flow of blood due to vasodilation.,1,s0096
symptom/hemic and immune system symptom/hemic system symptom/hyperemia/functional hyperemia,4,functional hyperemia,[],Functional hyperemia is a hyperemia occurring due to an increase in blood flow to a tissue due to the presence of metabolites and a change in general conditions.,2,s0097
symptom/hemic and immune system symptom/hemic system symptom/hyperemia/reactive hyperemia,4,reactive hyperemia,[],Reactive hyperemia is a hyperemia occurring due to the dilation of arteriolar smooth muscle to increase blood flow in response to a profound increase in blood flow to an organ after being occluded. There will be a shortage of oxygen and a build-up of metabolic waste.,2,s0098
symptom/hemic and immune system symptom/hemic system symptom/hyperemia/active hyperemia,4,active hyperemia,[],Active hyperemia is a hyperemia occurring due to the dilation of arteriolar smooth muscle to increase blood flow in response to an increase in metabolism.,2,s0099
symptom/hemic and immune system symptom/hemic system symptom/hyperemia/congested sclera,4,congested sclera,[],Congested sclera is a hyperemia characterized as the congestion of the vessels of the outer layer of the eye containing collagen and elastic fibers.,2,s0100
symptom/hemic and immune system symptom/hemic system symptom/hypotension,3,hypotension,[],,1,s0101
symptom/hemic and immune system symptom/hemic system symptom/hypotension/mild hypotension,4,mild hypotension,[],,2,s0102
symptom/hemic and immune system symptom/hemic system symptom/hypoxemia,3,hypoxemia,['hypoxaemia'],,1,s0103
symptom/hemic and immune system symptom/hemic system symptom/hemodynamic instability,3,hemodynamic instability,[],,2,s0104
symptom/hemic and immune system symptom/hemic system symptom/low white blood cell count,3,low white blood cell count,[],,5,s0105
symptom/hemic and immune system symptom/hemic system symptom/hematogenous,3,hematogenous,[],,1,s0106
symptom/hemic and immune system symptom/hemic system symptom/plasmacytosis,3,plasmacytosis,[],,1,s0107
symptom/hemic and immune system symptom/hemic system symptom/cytopenia,3,cytopenia,[],,1,s0108
symptom/hemic and immune system symptom/hemic system symptom/reticulocytosis,3,reticulocytosis,[],,1,s0109
symptom/hemic and immune system symptom/hemic system symptom/macrocytosis,3,macrocytosis,[],,1,s0110
symptom/digestive system symptom,1,digestive system symptom,[],,3,s0111
symptom/digestive system symptom/flatulence,2,flatulence,"['gas production', 'gas']",,1,s0112
symptom/digestive system symptom/tenesmus,2,tenesmus,[],,1,s0113
symptom/digestive system symptom/terminal ileitis,2,terminal ileitis,[],,2,s0114
symptom/digestive system symptom/vomiting,2,vomiting,['emesis'],Vomiting is a digestive system symptom characterized by throwing up the stomach contents.,1,s0115
symptom/digestive system symptom/vomiting/hematemesis,3,hematemesis,"['haematemesis', 'bloody vomit', 'vomiting blood']",A vomiting where there is vomiting of blood.,1,s0116
symptom/digestive system symptom/liver symptom,2,liver symptom,[],,2,s0117
symptom/digestive system symptom/liver symptom/hepatic necrosis,3,hepatic necrosis,[],,2,s0118
symptom/digestive system symptom/liver symptom/hepatic necrosis/massive hepatic necrosis,4,massive hepatic necrosis,[],,3,s0119
symptom/digestive system symptom/liver symptom/hepatitis,3,hepatitis,[],doid/symp duplicate,1,s0120
symptom/digestive system symptom/liver symptom/hepatic dysfunction,3,hepatic dysfunction,[],,2,s0121
symptom/digestive system symptom/liver symptom/hepatic abscess,3,hepatic abscess,['hepatic abscesses'],hepatic abscess is a liver symptom characterized by a pus-filled mass in the liver that can develop from injury to the liver or an intraabdominal infection disseminated from the portal circulation.,2,s0122
symptom/digestive system symptom/liver symptom/hepatomegaly,3,hepatomegaly,['enlargement of the liver'],,1,s0123
symptom/digestive system symptom/liver symptom/liver inflammation,3,liver inflammation,[],,2,s0124
symptom/digestive system symptom/nausea,2,nausea,[],Nausea is a digestive system symptom characterized by an uneasy or unsettled feeling in the stomach together with an urge to vomit.,1,s0125
symptom/digestive system symptom/visible peristalsis,2,visible peristalsis,[],,2,s0126
symptom/digestive system symptom/enteritis,2,enteritis,[],Enteritis is a digestive system symptom involving the inflammation of the small intestines and especially of the human ileum.,1,s0127
symptom/digestive system symptom/enteritis/chronic enteritis,3,chronic enteritis,[],"Chronic enteritis is a enteritis with slow progress, long duration, or frequent recurrence which can be due to Crohn's disease, giardiasis, tuberculosis, coeliac disease, or rarely due to Whipple's disease.",2,s0128
symptom/digestive system symptom/enteritis/acute enteritis,3,acute enteritis,[],Acute enteritis is a enteritis with either or both a rapid onset and a short course which is usually due to bacteria or virus.,2,s0129
symptom/digestive system symptom/gastrointestinal bleeding,2,gastrointestinal bleeding,[],"A digestive system symptom characterized by bleeding from one or more of the areas of the digestive or gastrointestinal (GI) tract that includes the espophagus, stomach, small intestine, large intestine or colon, rectum and anus.",2,s0130
symptom/digestive system symptom/feces and droppings symptom,2,feces and droppings symptom,['fecal'],,4,s0131
symptom/digestive system symptom/feces and droppings symptom/constipation,3,constipation,[],"Constipation is a feces and droppings symptom involving the abnormally delayed or infrequent passage of dry hardened feces. Constipation may be categorized into three subtypes: normal-transit, slow-transit, and pelvic floor dysfunction.|doid/symp duplicate",1,s0132
symptom/digestive system symptom/feces and droppings symptom/constipation/outlet dysfunction constipation,4,outlet dysfunction constipation,[],"A constipation that is characterized by difficulty passing bowel movements after they reach the rectum. One experiences difficulty evacuating the stool and often has to strain or press the fingers into the vagina or in front of or into the rectum to help remove the stool. Outlet dysfunction can be caused by inappropriate or abnormal muscle contraction of the pelvic floor (called pelvic floor dyssynergia or dyssynergic defecation) which can respond to biofeedback. It may also be due to a rectocele or other structural changes in the pelvic floor that will require medical or at times, surgical treatment.",3,s0133
symptom/digestive system symptom/feces and droppings symptom/melena,3,melena,['melaena'],"A feces and droppings symptom that is characterized by the passage of dark tarry stools containing decomposing blood that is usually an indication of bleeding in the upper part of the alimentary canal and especially the esophagus, stomach, and duodenum.",1,s0134
symptom/digestive system symptom/feces and droppings symptom/bloody stool,3,bloody stool,['blood in stool'],,2,s0135
symptom/digestive system symptom/feces and droppings symptom/diarrhea,3,diarrhea,"['incontinence of feces', 'bacterial gastroenteritis', 'fecal incontinence', 'loose bowel', 'loose bowels', 'diarrhoea', 'the runs']","Diarrhea is a feces and droppng symptom involving the abnormally frequent intestinal evacuations with more or less fluid stools.|doid/symp duplicate - reviewed 10/2022, both DO & SYMP",1,s0136
symptom/digestive system symptom/feces and droppings symptom/diarrhea/severe diarrhea,4,severe diarrhea,[],,2,s0137
symptom/digestive system symptom/feces and droppings symptom/diarrhea/bloody diarrhea,4,bloody diarrhea,[],,2,s0138
symptom/digestive system symptom/feces and droppings symptom/diarrhea/hemorrhagic diarrhea,4,hemorrhagic diarrhea,[],,2,s0139
symptom/digestive system symptom/feces and droppings symptom/diarrhea/acute diarrhea,4,acute diarrhea,[],Acute diarrhea is a diarrhea with either or both a rapid onset or a short course.|doid/symp duplicate,2,s0140
symptom/digestive system symptom/feces and droppings symptom/diarrhea/yellowish green diarrhea,4,yellowish green diarrhea,[],,3,s0141
symptom/digestive system symptom/feces and droppings symptom/steatorrhea,3,steatorrhea,[],doid/symp duplicate,1,s0142
symptom/digestive system symptom/feces and droppings symptom/yellow dropping,3,yellow dropping,[],,2,s0143
symptom/digestive system symptom/feces and droppings symptom/abnormal feces,3,abnormal feces,[],,2,s0144
symptom/digestive system symptom/feces and droppings symptom/acholic stool,3,acholic stool,['claycolored bowel movement'],,2,s0145
symptom/digestive system symptom/feces and droppings symptom/hematochezia,3,hematochezia,[],"hematochezia is a feces and droppings symptom characterized by the passage of fresh blood per anus, usually in or with stools.",1,s0146
symptom/digestive system symptom/intestinal hemorrhage,2,intestinal hemorrhage,[],,2,s0147
symptom/digestive system symptom/rectorrhagia,2,rectorrhagia,['rectal bleeding'],,1,s0148
symptom/digestive system symptom/intestinal hypermotility,2,intestinal hypermotility,[],,2,s0149
symptom/digestive system symptom/abnormal bowel sound,2,abnormal bowel sound,[],,3,s0150
symptom/digestive system symptom/salivary gland symptom,2,salivary gland symptom,[],,3,s0151
symptom/digestive system symptom/salivary gland symptom/salivation,3,salivation,[],,1,s0152
symptom/digestive system symptom/salivary gland symptom/salivation/continuous profuse salivation,4,continuous profuse salivation,[],,3,s0153
symptom/digestive system symptom/salivary gland symptom/salivation/excess salivation,4,excess salivation,['profuse salivation'],,2,s0154
symptom/digestive system symptom/salivary gland symptom/acute suppurative parotiditis,3,acute suppurative parotiditis,[],,3,s0155
symptom/digestive system symptom/salivary gland symptom/parotid abscess,3,parotid abscess,[],,2,s0156
symptom/digestive system symptom/necrosis of jejunum,2,necrosis of jejunum,[],,3,s0157
symptom/digestive system symptom/necrosis of jejunum/ischemic necrosis of jejunum,3,ischemic necrosis of jejunum,[],,4,s0158
symptom/digestive system symptom/belching,2,belching,['eructation'],Belching is a digestive system symptom involving the sudden expulsion of gas from the stomach through the mouth.,1,s0159
symptom/digestive system symptom/diminished gastro-intestinal motility,2,diminished gastrointestinal motility,[],,3,s0160
symptom/digestive system symptom/gastroenteritis,2,gastroenteritis,[],doid/symp duplicate,1,s0161
symptom/digestive system symptom/gastroenteritis/hemorrhagic gastroenteritis,3,hemorrhagic gastroenteritis,['haemorrhagic gastroenteritis'],,2,s0162
symptom/digestive system symptom/gastroenteritis/acute gastroenteritis,3,acute gastroenteritis,[],,2,s0163
symptom/digestive system symptom/lesions in pancreas,2,lesions in pancreas,[],,3,s0164
symptom/digestive system symptom/distended loops of intestines on rectal,2,distended loops of intestines on rectal,[],,6,s0165
symptom/digestive system symptom/pyrosis,2,pyrosis,"['acid indigestion', 'heartburn']",From synonym: Heartburn is a pain characterized by a painful burning feeling in your chest or throat that happens when stomach acid backs up into your esophagus.,1,s0166
symptom/digestive system symptom/bloating,2,bloating,[],Bloating is a digestive system symptom involving the accumulation of gas in the digestive tract and resulting in abdominal distension.,1,s0167
symptom/digestive system symptom/dyspepsia,2,dyspepsia,['indigestion'],"Dyspepsia is a digestive system symptom referred to as indigestion resulting from an impairment to digestion caused by ulcer, gall bladder disease or inflamed colon. Related symptoms include weakness, loss of appetite, and depression.|doid/symp duplicate",1,s0168
symptom/cardiovascular system symptom,1,cardiovascular system symptom,[],,3,s0169
symptom/cardiovascular system symptom/endocarditis,2,endocarditis,[],doid/symp duplicate,1,s0170
symptom/cardiovascular system symptom/shock,2,shock,[],"A cardiovascular system symptom that is characterized as a state of profound depression of the vital processes of the body that is characterized by pallor, rapid but weak pulse, rapid and shallow respiration, reduced total blood volume, and low blood pressure and that is caused usually by severe especially crushing injuries, hemorrhage, burns, or major surgery.",1,s0171
symptom/cardiovascular system symptom/shock/cardiogenic shock,3,cardiogenic shock,[],,2,s0172
symptom/cardiovascular system symptom/shock/septic shock,3,septic shock,[],,2,s0173
symptom/cardiovascular system symptom/undiagnosed cardiac murmur,2,undiagnosed cardiac murmur,[],,3,s0174
symptom/cardiovascular system symptom/blood vessel infection,2,blood vessel infection,[],,3,s0175
symptom/cardiovascular system symptom/hemorrhage,2,hemorrhage,[],A cardiovascular system symptom that is characterized by an acute loss of blood from a damaged blood vessel.,1,s0176
symptom/cardiovascular system symptom/hemorrhage/intracranial hemorrhage,3,intracranial hemorrhage,[],A hemorrhage that is characterized by any bleeding occurring within the skull.,2,s0177
symptom/cardiovascular system symptom/hemorrhage/intracerebral hemorrhage,3,intracerebral hemorrhage,[],A hemorrhage that is characterized by bleeding within the brain tissue itself.,2,s0178
symptom/cardiovascular system symptom/hemorrhage/subdural hemorrhage,3,subdural hemorrhage,['subdural hematoma'],A hemorrhage that is characterized by bleeding that occurs within the skull of head but outside the actual brain tissue.,2,s0179
symptom/cardiovascular system symptom/palpitation,2,palpitation,['abnormal heart beats'],"Palpitation is a cardiovascykar system symptom characterized by an abnormal awareness of the beating of the heart,whether it is too slow, too fast, irregular, or at its normal frequency when excited by violent exertion, strong emotion, or disease.",1,s0180
symptom/cardiovascular system symptom/myocarditis,2,myocarditis,[],doid/symp duplicate,1,s0181
symptom/cardiovascular system symptom/heart failure,2,heart failure,[],,2,s0182
symptom/cardiovascular system symptom/hypergammaglobulinemia,2,hypergammaglobulinemia,[],,1,s0183
symptom/cardiovascular system symptom/vascular alteration,2,vascular alteration,[],,2,s0184
symptom/cardiovascular system symptom/gangrene,2,gangrene,[],,1,s0185
symptom/cardiovascular system symptom/chest hyperemia,2,chest hyperemia,[],Hyperemia of the chest is a cardiovascular system symptom consisting of an excess of blood in the tissues of the chest as from an increased flow of blood due to vasodilation.,2,s0186
symptom/cardiovascular system symptom/lesions in myocardium,2,lesions in myocardium,[],,3,s0187
symptom/cardiovascular system symptom/pericardial effusion,2,pericardial effusion,[],Pericardial effusion is a cardiovascular system symptom where there is an abnormal accumulation of fluid in the pericardial cavity.|doid/symp duplicate,2,s0188
symptom/cardiovascular system symptom/postphlebitic ulcer,2,postphlebitic ulcer,[],,2,s0189
symptom/cardiovascular system symptom/phlebitis,2,phlebitis,['inflammation of a vein'],doid/symp duplicate,1,s0190
symptom/cardiovascular system symptom/arrhythmia,2,arrhythmia,"['fluctuation of heart rate', 'irregular heartbeat', 'dysrhythmia', 'abnormal heart beat', 'heart rhythm symptom', 'abnormal heart rhythm']",Arrhythmia is a cardiovascular system symptom consisting of an alteration in rhythm of the heartbeat either in time or force.,1,s0191
symptom/cardiovascular system symptom/arrhythmia/cardiac fibrillation,3,cardiac fibrillation,[],"An arrhythmia characterized by rapid, irregular, and unsynchronized contraction of muscle fibers within the heart.",2,s0192
symptom/cardiovascular system symptom/arrhythmia/cardiac fibrillation/ventricular fibrillation,4,ventricular fibrillation,['vfib'],"A cardiac fibrillation associated with quivering of the lower chambers of the heart, preventing blood from being pumped and causing cardiac arrest.",2,s0193
symptom/cardiovascular system symptom/arrhythmia/cardiac fibrillation/atrial fibrillation,4,atrial fibrillation,"['auricular fibrillation', 'af', 'afib', 'afib']","A cardiac fibrillation consisting of a very rapid uncoordinated contractions of the atria of the heart resulting in a lack of synchronism between heartbeat and pulse beat.|doid/symp duplicate - reviewed 10/2022, both DO & SYMP",2,s0194
symptom/cardiovascular system symptom/arrhythmia/bradycardia,3,bradycardia,[],Bradycardia is a cardiovascular system symptom consisting of a relatively slow heart action whether physiological or pathological.,1,s0195
symptom/cardiovascular system symptom/arrhythmia/bradycardia/sinus bradycardia,4,sinus bradycardia,[],Sinus bradycardia is a bradycardia where the sinus rhythm is abnormally slow bradycardia consisting of a sinus rhythm at a rate lower than 60 beats per minute.,2,s0196
symptom/cardiovascular system symptom/arrhythmia/bradycardia/ventricular bradycardia,4,ventricular bradycardia,"['ventricular escape rhythm', 'idioventricular rhythm']","A bradycardia associated with the generation of impules in the ventricles when impules from the atria fail to reach them, characterized by an electrocardiogram showing a heart rate below 50 BPM and a broad QRS complex.",2,s0197
symptom/cardiovascular system symptom/arrhythmia/tachycardia,3,tachycardia,[],Tachycardia is a cardiovascular system symptom consisting of a relatively rapid heart action whether physiological (as after exercise) or pathological.,1,s0198
symptom/cardiovascular system symptom/arrhythmia/tachycardia/sinus tachycardia,4,sinus tachycardia,[],Sinus tachycardia is a tachychardia characterized by an abnormally rapid sinus rhythm specifically a sinus rhythm at a rate greater than 100 beats per minute.,2,s0199
symptom/cardiovascular system symptom/arrhythmia/tachycardia/paroxysmal tachycardia,4,paroxysmal tachycardia,[],Paroxysmal tachycardia is a tachycardia that begins and ends abruptly and that is initiated by a premature supraventricular beat originating in the atrium or in the atrioventricular node or bundle of His or by a premature ventricular beat.,2,s0200
symptom/cardiovascular system symptom/arrhythmia/tachycardia/ventricular tachycardia,4,ventricular tachycardia,"['vtach', 'vt']","A tachycardia that is associated with the generation of improper electrical impulses within the ventricles, characterized by an electrocardiogram showing a rate of greater than 120 BPM and three or more wide QRS complexes in a row.",2,s0201
symptom/cardiovascular system symptom/arrhythmia/tachycardia/junctional tachycardia,4,junctional tachycardia,[],Junctional tachycardia is a tachycardia associated with the generation of impulses in a locus in the region of the atrioventricular node.,2,s0202
symptom/urinary system symptom,1,urinary system symptom,[],,3,s0203
symptom/urinary system symptom/extravasation of urine,2,extravasation of urine,[],"A urinary system symptom that is characterized by an injury of the urethra in its bulbous or membranous portion, which leads to a collection of urine in other cavities, such as the perineal space, the scrotum, the penis and the connective tissue of the anterior abdominal wall.",3,s0204
symptom/urinary system symptom/renal involvement,2,renal involvement,[],,2,s0205
symptom/urinary system symptom/renal abscess,2,renal abscess,"['kidney abscess', 'perirenal abscess']",A urinary system symptom that is characterized by a pocket (a walled-off cavity) of pus that develops in the kidney tissue. It results from the migration of bacteria from another infection site on the body to the kidneys.,2,s0206
symptom/urinary system symptom/hematuria,2,hematuria,[],A urinary system symptom that is characterized by the presence of blood or blood cells in the urine.,1,s0207
symptom/urinary system symptom/hematuria/gross hematuria,3,gross hematuria,[],A hematuria that is characterized by the production of a visible redness in the urine.,2,s0208
symptom/urinary system symptom/urinary stream symptom,2,urinary stream symptom,[],,3,s0209
symptom/urinary system symptom/urinary stream symptom/slowing of urinary stream,3,slowing of urinary stream,[],A urinary stream symptom that is characterized by a slow or weak stream of urine.,4,s0210
symptom/urinary system symptom/urinary stream symptom/splitting of urinary stream,3,splitting of urinary stream,[],A urinary stream symptom that is characterized by a split in the urine flow resulting in it streaming in two directions.,4,s0211
symptom/urinary system symptom/dysuria,2,dysuria,"['painful urine discharge', 'difficult urine discharge']","A urinary system symptom that is characterized by the difficult, or painful, discharge of urine.",1,s0212
symptom/urinary system symptom/urethral discharge,2,urethral discharge,[],"A urinary system symptom that is characterized by abnormal purulent or mucoid secretions from the penis or, rarely, the female urethra.",2,s0213
symptom/urinary system symptom/urinary incontinence,2,urinary incontinence,['incontinence'],A urinary system symptom that is characterized by the an inability of the body to control the evacuative functions.,2,s0214
symptom/urinary system symptom/urinary incontinence/mixed incontinence (female) (male),3,mixed incontinence female male,[],"A urinary incontinence that is characterized by urine leakage when you sneeze, cough, laugh, do jarring exercise, or lift something heavy. It is typically a combination of stress and urge incontinence.",4,s0215
symptom/urinary system symptom/urinary incontinence/overflow incontinence,3,overflow incontinence,[],"A urinary incontinence that is characterized by a bladder that does not empty completely, resulting in a bladder that is too full, which leads to overflow and unexpected leaking.",2,s0216
symptom/urinary system symptom/urinary incontinence/incontinence without sensory awareness,3,incontinence without sensory awareness,[],,4,s0217
symptom/urinary system symptom/urinary incontinence/post-void dribbling,3,postvoid dribbling,[],A urinary incontinence that is characterized by urine remaining in the urethra after voiding the bladder that slowly leaks out after urination.,2,s0218
symptom/urinary system symptom/urinary incontinence/urge incontinence,3,urge incontinence,[],"A urinary incontinence that is characterized by an involuntary leakage of urine from the bladder when a sudden strong need to urinate is felt, even when the bladder isn't full.",2,s0219
symptom/urinary system symptom/urinary incontinence/continuous leakage of urine,3,continuous leakage of urine,[],,4,s0220
symptom/urinary system symptom/urinary incontinence/stress incontinence,3,stress incontinence,[],"A urinary incontinence that is characterized by an involuntary leakage of urine from the bladder accompanying physical activity (as in laughing, coughing, sneezing, or physical exercise) which places increased pressure on the abdomen.",2,s0221
symptom/urinary system symptom/urinary incontinence/stress incontinence/male stress incontinence,4,male stress incontinence,[],A stress incontinence that is characterized by a compromised external urinary sphincter muscle resulting from surgical or radiotherapeutic manipulation.,3,s0222
symptom/urinary system symptom/urinary incontinence/nocturnal enuresis,3,nocturnal enuresis,"['bed wetting', 'nighttime incontinence']",A urinary incontinence that is characterized by involuntary urination at night in children five years of age or older.,2,s0223
symptom/urinary system symptom/nephritis,2,nephritis,[],"A urinary system symptom that is characterized by the acute or chronic inflammation of the kidney affecting the structure (as of the glomerulus or parenchyma) and caused by infection, a degenerative process, or vascular disease.|doid/symp duplicate",1,s0224
symptom/urinary system symptom/genitourinary hemorrhage,2,genitourinary hemorrhage,[],,2,s0225
symptom/urinary system symptom/proteinuria,2,proteinuria,[],A urinary system symptom characterized by the presence of excess protein in the urine.|doid/symp duplicate,1,s0226
symptom/urinary system symptom/incomplete bladder emptying,2,incomplete bladder emptying,[],A urinary system symptom that is characterized by a bladder that is not empty.,3,s0227
symptom/urinary system symptom/urinary retention,2,urinary retention,"['inability to urinate', 'retention of urine', 'ischuria']",A urinary system symptom that is characterized by an inability to empty the bladder completely during the process of voiding (urination).,2,s0228
symptom/urinary system symptom/renal alteration,2,renal alteration,[],,2,s0229
symptom/urinary system symptom/urinary urgency,2,urinary urgency,['urgency of urination'],"A urinary system symptom that is characterized by a strong and immediate need to urinate due to an increase in pressure in the bladder, resulting in difficulty to hold in the urine. This can occur regardless of whether the bladder is full.",2,s0230
symptom/urinary system symptom/urinary frequency,2,urinary frequency,"['nocturia', 'frequent urination']","A urinary system symptom that is characterized by the need to urinate many times during the day, at night, or both but in normal or less-than-normal volumes.  Frequency may be accompanied by a sensation of an urgent need to void (urgency of urination).",2,s0231
symptom/urinary system symptom/polyuria,2,polyuria,['excessive secretion of urine'],A urinary system symptom that is characterized by the excessive secretion of urine.,1,s0232
symptom/urinary system symptom/nocturia,2,nocturia,['nycturia'],A urinary system symptom that is characterized by urination at night especially when excessive.,1,s0233
symptom/urinary system symptom/oliguria,2,oliguria,[],A urinary system symptom that is characterized by the reduced excretion of urine.,1,s0234
symptom/urinary system symptom/dark urine,2,dark urine,[],"A urinary system symptom that is characterized by an elevation in the concentration of the the pigments from foods, dyes, and medications in urine. The dilution of these pigment is dependent on the amount of water intake and severe dehydration can lead to a dark color.",2,s0235
symptom/urinary system symptom/anuria,2,anuria,[],"A urinary system symptom that is characterized by the absence of, or by defective, urine excretion.|doid/symp duplicate",1,s0236
symptom/urinary system symptom/renal failure,2,renal failure,[],"A urinary system symptom that is characterized by a loss of excretory function in one or both kidneys, leading to retention of nitrogenous waste products from the blood.",2,s0237
symptom/urinary system symptom/renal failure/acute renal failure,3,acute renal failure,[],A renal failure that is characterized by a severe and sudden onset of renal failure.,3,s0238
symptom/skin and integumentary tissue symptom,1,skin and integumentary tissue symptom,[],"A skin and integumentary tissue symptom that is characterized by the outer layer of the skin starting to replace itself. Often, this happens when skin is damaged, either by disease or injury.",5,s0239
symptom/skin and integumentary tissue symptom/cold clammy skin,2,cold clammy skin,[],"A skin and integumentary tissue symptom that is characterized by cold, moist and sticky skin.",3,s0240
symptom/skin and integumentary tissue symptom/abnormal scar formation,2,abnormal scar formation,[],,3,s0241
symptom/skin and integumentary tissue symptom/nail discoloration,2,nail discoloration,[],,2,s0242
symptom/skin and integumentary tissue symptom/ruffled feather,2,ruffled feather,[],,2,s0243
symptom/skin and integumentary tissue symptom/dry mucous membrane,2,dry mucous membrane,['dry mucous membranes'],,3,s0244
symptom/skin and integumentary tissue symptom/change in skin color,2,change in skin color,[],,4,s0245
symptom/skin and integumentary tissue symptom/urticaria,2,urticaria,"['nettle rash', 'hives', 'uredo']","A skin and integumentary tissue symptom that is characterized by raised red skin wheals (welts) commonly caused by an allergic reaction with wheals that may vary in size from about 5 mm (0.2 inches) in diameter to the size of a dinner plate that are described as severely itchy a stingnig or burning sensation, and having a pale border.|doid/symp duplicate",1,s0246
symptom/skin and integumentary tissue symptom/paresthesia,2,paresthesia,[],"A skin and integumentary tissue symptom that is characterized by a sensation of pricking, tingling, or creeping on the skin having no objective cause and usually associated with injury or irritation of a sensory nerve or nerve root.",1,s0247
symptom/skin and integumentary tissue symptom/itching,2,itching,['pruritus'],A skin and integumentary tissue symptom that is characterized by an uneasy irritating sensation in the upper surface of the skin usually held to result from mild stimulation of pain receptors.,1,s0248
symptom/skin and integumentary tissue symptom/localized superficial swelling,2,localized superficial swelling,[],,3,s0249
symptom/skin and integumentary tissue symptom/localized superficial mass,2,localized superficial mass,[],,3,s0250
symptom/skin and integumentary tissue symptom/pustule,2,pustule,[],A skin and integumentary tissue symptom that is characterized by a small circumscribed elevation of the skin containing pus and having an inflamed base.,1,s0251
symptom/skin and integumentary tissue symptom/boil,2,boil,['furuncle'],"A skin and integumentary tissue symptom that is characterized by a localized swelling and inflammation of the skin resulting from usually bacterial infection of a hair follicle and adjacent tissue, having a hard central core, and forming pus.",1,s0252
symptom/skin and integumentary tissue symptom/flat keratotic capsule,2,flat keratotic capsule,[],,3,s0253
symptom/skin and integumentary tissue symptom/keratotic nodules of the skin,2,keratotic nodules of the skin,[],,5,s0254
symptom/skin and integumentary tissue symptom/disturbance of skin sensation,2,disturbance of skin sensation,[],,4,s0255
symptom/skin and integumentary tissue symptom/jaundice,2,jaundice,"['icteric', 'icterus']","A skin and integumentary tissue symptom that is characterized by a yellowish pigmentation of the skin, tissues, and certain body fluids is caused by the deposition of bile pigments that follows interference with normal production and discharge of bile (as in certain liver diseases) or excessive breakdown of red blood cells (as after internal hemorrhage or in various hemolytic states).",1,s0256
symptom/skin and integumentary tissue symptom/cyanosis,2,cyanosis,[],A skin and integumentary tissue symptom that is characterized by a bluish or purplish discoloration (as of skin) due to deficient oxygenation of the blood.,1,s0257
symptom/skin and integumentary tissue symptom/edema,2,edema,['dropsy'],A skin and integumentary tissue symptom that is characterized by an abnormal excess accumulation of serous fluid in connective tissue or in a serous cavity.,1,s0258
symptom/skin and integumentary tissue symptom/edema/anasarca,3,anasarca,['generalized edema'],Anasarca is a edema characterized as generalized edema with accumulation of serum in the connective tissue.,1,s0259
symptom/skin and integumentary tissue symptom/edema/limb edema,3,limb edema,"['limb oedema', 'oedema of the limbs']",An adema that is characterized by an abnormal excess accumulation of serous fluid in connective tissue of the limbs.,2,s0260
symptom/skin and integumentary tissue symptom/edema/palpebral edema,3,palpebral edema,['edema of the eyelid'],An adema that is characterized by an abnormal excess accumulation of serous fluid in connective tissue of the eyelids.,2,s0261
symptom/skin and integumentary tissue symptom/edema/facial edema,3,facial edema,['facial swelling'],An adema that is characterized by an abnormal excess accumulation of serous fluid in connective tissue of the face.,2,s0262
symptom/skin and integumentary tissue symptom/change in skin texture,2,change in skin texture,[],,4,s0263
symptom/skin and integumentary tissue symptom/spontaneous ecchymoses,2,spontaneous ecchymoses,[],A skin and integumentary tissue symptom that is characterized by the spontaneous escape of blood into the tissues from ruptured blood vessels marked by a livid black-and-blue or purple spot or area.,2,s0264
symptom/skin and integumentary tissue symptom/sweaty,2,sweaty,['perspire'],A skin and integumentary tissue symptom that is characterized by the excretion of moisture in visible quantities through the opening of the sweat glands.,1,s0265
symptom/skin and integumentary tissue symptom/sweaty/diaphoresis,3,diaphoresis,['profuse perspiration'],A sweat that is characterized by excessive sweating commonly associated with shock and other medical emergency conditions.,1,s0266
symptom/skin and integumentary tissue symptom/necrotic lesion,2,necrotic lesion,[],"A skin and integumentary tissue symptom that is characterized by regions of cell death to living tissue in an organ, which has suffered damage through injury or disease, such as a wound, ulcer, abscess, or tumor.",2,s0267
symptom/skin and integumentary tissue symptom/rash,2,rash,"['skin redness', 'skin eruption', 'erythema', 'rubor', 'skin rash']",A skin and integumentary tissue symptom that is characterized by an eruption on the body typically with little or no elevation above the surface.,1,s0268
symptom/skin and integumentary tissue symptom/rash/ankle rash,3,ankle rash,['redness of ankle'],A rash characterized by an inflammatory reaction of the skin on the ankles.,2,s0269
symptom/skin and integumentary tissue symptom/rash/papular rash,3,papular rash,[],"A rash characterized by papule(s), which are a raised area of the skin.",2,s0270
symptom/skin and integumentary tissue symptom/rash/maculopapular rash,3,maculopapular rash,[],"A rash characterized by papule(s), which are a raised area of the skin and macule(s), which are a flat red area of the skin.",2,s0271
symptom/skin and integumentary tissue symptom/rash/blotchy red rash,3,blotchy red rash,[],,3,s0272
symptom/skin and integumentary tissue symptom/rash/purpuric rash,3,purpuric rash,[],A rash characterized by a red or purple hued small spots of blood appear on the skin caused by conditions that result in blood leaking into the skin and other body surfaces that does not fade when pressed upon.,2,s0273
symptom/skin and integumentary tissue symptom/rash/diffuse rash,3,diffuse rash,['diffuse erythema'],"A rash characterized by large patches of red skin, without overlying changes in the epidermis.",2,s0274
symptom/skin and integumentary tissue symptom/rash/exanthema,3,exanthema,[],A rash characterized by a widespread skin eruption usually occurring in children that is a symptom of a more general disease.,1,s0275
symptom/skin and integumentary tissue symptom/skin lesion,2,skin lesion,[],A skin and integumentary tissue symptom that is characterized by an abnormal change in structure of the skin that is especially circumscribed and well defined due to injury or disease.,2,s0276
symptom/skin and integumentary tissue symptom/skin lesion/abnormal wound healing,3,abnormal wound healing,[],,3,s0277
symptom/skin and integumentary tissue symptom/skin lesion/poor wound healing,3,poor wound healing,[],,3,s0278
symptom/skin and integumentary tissue symptom/skin lesion/skin ulcer,3,skin ulcer,[],"A skin lesion that is characterized by a break in skin with loss of surface tissue, disintegration and necrosis of epithelial tissue, and often pus.",2,s0279
symptom/skin and integumentary tissue symptom/skin lesion/skin ulcer/tache noire,4,tache noire,[],A skin ulcer that is characterized by a a small dark-centered ulcer that appears at the site of a tick bite and is the primary lesion of boutonneuse fever.,2,s0280
symptom/skin and integumentary tissue symptom/skin lesion/skin ulcer/extensive ulcer,4,extensive ulcer,[],,2,s0281
symptom/skin and integumentary tissue symptom/skin lesion/skin ulcer/apthous ulcer,4,apthous ulcer,"['aphthous stomatitis', 'canker sore']","A skin ulcer that is characterized by a small recurrent, painful, round or ovoid ulcers with well-defined erythematous margins, like a halo, and a central yellow or gray floor found in the soft tissue of the oral cavity.",2,s0282
symptom/skin and integumentary tissue symptom/papule,2,papule,[],"A skin and integumentary tissue symptom that is characterized by a small solid usually conical elevation of the skin caused by inflammation, accumulated secretion, or hypertrophy of tissue elements.",1,s0283
symptom/skin and integumentary tissue symptom/hyperpigmentation,2,hyperpigmentation,[],"A skin and integumentary tissue symptom that is characterized by an excess pigmentation in a bodily part or tissue, as the skin.",1,s0284
symptom/skin and integumentary tissue symptom/pale mucous membrane,2,pale mucous membrane,[],,3,s0285
symptom/skin and integumentary tissue symptom/mammary gland inflammation,2,mammary gland inflammation,"['inflammation of mammary breast', 'mammitis']",A skin and integumentary tissue symptom that is characterized by an inflammation of the mammary gland or udder and usually caused by infection.,3,s0286
symptom/skin and integumentary tissue symptom/mammary gland inflammation/severe mammary gland inflammation,3,severe mammary gland inflammation,[],A mammary gland inflammation that is characterized by an increased intensity or severity of the condition.,4,s0287
symptom/skin and integumentary tissue symptom/enanthem,2,enanthem,[],A skin and integumentary tissue symptom that is characterized by an eruption on a mucous surface.,1,s0288
symptom/skin and integumentary tissue symptom/flushing,2,flushing,[],"A skin and integumentary tissue symptom that is characterized by a markedly red flush in a persons face and often other areas of the skin, from various physiological conditions. Flushing is generally distinguished, despite a close physiological relation between them, from blushing, which is milder, generally restricted to the face or cheeks, and generally assumed to reflect embarrassment. Flushing is also a cardinal symptom of carcinoid syndrome the syndrome that results from hormones (often serotonin or histamine) being secreted into systemic circulation.",1,s0289
symptom/skin and integumentary tissue symptom/pallor,2,pallor,['paleness'],A skin and integumentary tissue symptom that is characterized by a deficiency of color especially of the face.,1,s0290
symptom/skin and integumentary tissue symptom/localized superficial lump,2,localized superficial lump,[],,3,s0291
symptom/skin and integumentary tissue symptom/petechiae,2,petechiae,['petechial rash'],A skin and integumentary tissue symptom that is characterized by a minute reddish or purplish spot containing blood that appears in skin or mucous membrane as a result of localized hemorrhage.,1,s0292
symptom/skin and integumentary tissue symptom/blister,2,blister,[],A skin and integumentary tissue symptom that is characterized by a fluid-filled elevation of the epidermis.,1,s0293
symptom/skin and integumentary tissue symptom/dermal abscess,2,dermal abscess,"['cutaneous abscess', 'skin abscess', 'subcutaneous abscess', 'dermal abscesses']","A skin and integumentary tissue symptom that is characterized by a pus-filled pocket in the skin, similar to a pimple, but larger and deeper.  The pocket is filled with bacteria, white blood cells, and dead skin and typcally result from the bacteria Staphylococcus aureus prentrating the skin through a cut or hair follicle.",2,s0294
symptom/skin and integumentary tissue symptom/eschar,2,eschar,[],A skin and integumentary tissue symptom that is characterized by a scab formed especially after a burn.,1,s0295
symptom/skin and integumentary tissue symptom/skin peeling,2,skin peeling,[],,2,s0296
symptom/skin and integumentary tissue symptom/skin peeling/skin desquamation,3,skin desquamation,[],A skin and integumentary tissue symptom that is characterized by the peeling off of skin in the form of scales.,2,s0297
symptom/skin and integumentary tissue symptom/hair symptom,2,hair symptom,[],,2,s0298
symptom/skin and integumentary tissue symptom/hair symptom/hair loss,3,hair loss,[],"A hair symptom that is characterized by the stopping of hair growth (regeneration), which may be a result of hereditary hair loss, immune system overreacts, drugs and treatments, harsh hair-care products, and other factors.",2,s0299
symptom/skin and integumentary tissue symptom/hair symptom/hair loss/patches of hair loss with a black dot pattern,4,patches of hair loss with a black dot pattern,[],"A hair symptom that is characterized by patchy hair loss and the presence of comedo-like cadaver hairs, which appear as black dots.",9,s0300
symptom/skin and integumentary tissue symptom/hair symptom/corkscrew hair,3,corkscrew hair,[],"A hair symptom that is characterized by coiled “corkscrew” hairs on the surface of the arms, legs and chest, which can occur as a result low level of ascorbic acid (vitamin C).",2,s0301
symptom/skin and integumentary tissue symptom/hair symptom/hair shedding,3,hair shedding,[],"A hair symptom that is characterized by significant falling out of hair, which may be a result of stress, high fever, and other factors.",2,s0302
symptom/skin and integumentary tissue symptom/peritonitis,2,peritonitis,[],A skin and integumentary tissue symptom that is characterized by an inflammation of the peritoneum.|doid/symp duplicate,1,s0303
symptom/skin and integumentary tissue symptom/pleural effusion,2,pleural effusion,[],A skin and integumentary tissue symptom that is characterized by an exudation of fluid from the blood or lymph into a pleural cavity.,2,s0304
symptom/skin and integumentary tissue symptom/decreased facial sensation,2,decreased facial sensation,[],,3,s0305
symptom/skin and integumentary tissue symptom/hemorrhage into skin,2,hemorrhage into skin,[],,3,s0306
symptom/skin and integumentary tissue symptom/hemorrhage into mucous membrane,2,hemorrhage into mucous membrane,[],,4,s0307
symptom/skin and integumentary tissue symptom/hematoma,2,hematoma,[],"A skin and integumentary tissue symptom that is characterized by a mass of usually clotted blood that forms in a tissue, organ, or body space as a result of a broken blood vessel generally the result of hemorrhage, or more specifically, internal bleeding.",1,s0308
symptom/skin and integumentary tissue symptom/icteric skin,2,icteric skin,[],A skin and integumentary tissue symptom that is characterized by yellowed skin due to bile or bilirubin accumulation.,2,s0309
symptom/skin and integumentary tissue symptom/icteric mucous membrane,2,icteric mucous membrane,[],A skin and integumentary tissue symptom that is characterized by yellowed mucous membranes due to bile or bilirubin accumulation.,3,s0310
symptom/skin and integumentary tissue symptom/bruise,2,bruise,"['bruises', 'bruising', 'contusion', 'ecchymosis']",A skin and integumentary tissue symptom that is characterized by an injury transmitted through unbroken skin to underlying tissue causing rupture of small blood vessels and escape of blood into the tissue with resulting discoloration.,1,s0311
symptom/skin and integumentary tissue symptom/eczema,2,eczema,[],"A skin and integumentary tissue symptom that is characterized by an inflammatory condition of the skin with redness, itching, and oozing vesicular lesions, which become scaly, crusted, or hardened.",1,s0312
symptom/skin and integumentary tissue symptom/darkening of skin,2,darkening of skin,[],,3,s0313
symptom/nervous system symptom,1,nervous system symptom,[],,3,s0314
symptom/nervous system symptom/sensation perception,2,sensation perception,[],A nervous system symptom that is characterized by interpretation of the information perceived by sensory receptors.,2,s0315
symptom/nervous system symptom/sensation perception/pain,3,pain,[],"A sensation perception that is characterized by an unpleasant sensation that usually indicates the body is threatened or damaged. The sensation may be sharp or dull, short-lived or chronic, intermittent or continual, confined to one area or spread over the entire body.",1,s0316
symptom/nervous system symptom/sensation perception/pain/neck pain,4,neck pain,[],"A pain that is characterized by an unpleasant sensation localized in the neck that usually indicates the body is threatened or damaged. The sensation may be sharp or dull, short-lived or chronic, intermittent or continual.",2,s0317
symptom/nervous system symptom/sensation perception/pain/throat pain,4,throat pain,['sore throat'],A pain that is characterized by a painful throat due to inflammation of the fauces and pharynx.,2,s0318
symptom/nervous system symptom/sensation perception/pain/headache,4,headache,['cephalalgia'],A pain that is characterized by a pain in the head.,1,s0319
symptom/nervous system symptom/sensation perception/pain/headache/frontal headache,5,frontal headache,[],,2,s0320
symptom/nervous system symptom/sensation perception/pain/headache/severe headache,5,severe headache,[],,2,s0321
symptom/nervous system symptom/sensation perception/pain/headache/bifrontal headache,5,bifrontal headache,[],,2,s0322
symptom/nervous system symptom/sensation perception/pain/bone pain,4,bone pain,[],,2,s0323
symptom/nervous system symptom/sensation perception/pain/colicky pain,4,colicky pain,[],"A pain that is characterized by an attack of acute abdominal pain localized in a hollow organ or part (as the small intestine, ureter, or bile duct) and often caused by spasm, obstruction, or twisting.",2,s0324
symptom/nervous system symptom/sensation perception/pain/colic,4,colic,[],A pain that is characterized by the condition marked by recurrent episodes of prolonged and uncontrollable crying and irritability in an otherwise healthy infant that is of unknown cause and usually subsides after three to four months of age.,1,s0325
symptom/nervous system symptom/sensation perception/pain/colic/renal colic,5,renal colic,[],A colic that is characterized by a severe pain produced by the passage of a calculus from the kidney through the ureter.,2,s0326
symptom/nervous system symptom/sensation perception/pain/body ache,4,body ache,[],,2,s0327
symptom/nervous system symptom/sensation perception/pain/earache,4,earache,[],,1,s0328
symptom/nervous system symptom/sensation perception/pain/toothache,4,toothache,[],"A pain that is characterized by a pain in, or about, a tooth or teeth.",1,s0329
symptom/nervous system symptom/sensation perception/pain/abdominal pain,4,abdominal pain,[],"A pain that is characterized by occurring in the abdomen, i.e. between the chest and groin.",2,s0330
symptom/nervous system symptom/sensation perception/pain/abdominal pain/periumbilic abdominal pain,5,periumbilic abdominal pain,[],,3,s0331
symptom/nervous system symptom/sensation perception/pain/abdominal pain/left upper quadrant abdominal pain,5,left upper quadrant abdominal pain,[],"An abdominal pain that is characterized by occurring in the left upper quadrant abdominal pain of the abdomen that can be caused by a stomach ulcer, acute gastritis, a viral infection, or indigestion, or may be an issue with one's lungs.",5,s0332
symptom/nervous system symptom/sensation perception/pain/abdominal pain/right upper quadrant abdominal pain,5,right upper quadrant abdominal pain,[],,5,s0333
symptom/nervous system symptom/sensation perception/pain/abdominal pain/right lower quadrant abdominal pain,5,right lower quadrant abdominal pain,[],,5,s0334
symptom/nervous system symptom/sensation perception/pain/abdominal pain/epigastric abdominal pain,5,epigastric abdominal pain,[],"An abdominal pain that is characterized by occurring in the epigastrium, i.e. the upper part of the abdomen below the rib cage.",3,s0335
symptom/nervous system symptom/sensation perception/pain/abdominal pain/generalized abdominal pain,5,generalized abdominal pain,[],An abdominal pain that is characterized by being diffuse or widespread and affecting or involving all of the abdomen.,3,s0336
symptom/nervous system symptom/sensation perception/pain/abdominal pain/multiple sites abdominal pain,5,multiple sites abdominal pain,[],,4,s0337
symptom/nervous system symptom/sensation perception/pain/abdominal pain/left lower quadrant abdominal pain,5,left lower quadrant abdominal pain,[],"An abdominal pain that is characterized by occurring in the left lower quadrant of the abdomen that is often related to the digestive tract, but can also be related to conditions of the body wall, skin, blood vessels, urinary tract, or reproductive organs.",5,s0338
symptom/nervous system symptom/sensation perception/pain/muscle pain,4,muscle pain,['myalgia'],A pain that is characterized by a pain in one or more muscles.,2,s0339
symptom/nervous system symptom/sensation perception/pain/muscle pain/severe myalgia,5,severe myalgia,[],"A muscle pain that is characterized by being severe in nature.  Myalgia may be acute in nature, stemming from overuse of a muscle group or viral infection.  It may also be chronic and caused by  metabolic myopathy, some nutritional deficiencies, and chronic fatigue syndrome.",2,s0340
symptom/nervous system symptom/sensation perception/pain/muscle pain/muscle ache,5,muscle ache,[],A pain that is characterized by a continuous or prolonged dull pain.,2,s0341
symptom/nervous system symptom/sensation perception/pain/referred pain,4,referred pain,[],A pain that is characterized by pain which is subjectively localized in one region although it is due to irritation in another region.,2,s0342
symptom/nervous system symptom/sensation perception/pain/chest pain,4,chest pain,[],,2,s0343
symptom/nervous system symptom/sensation perception/pain/chest pain/pleuritic chest pain,5,pleuritic chest pain,[],A chest pain that is characterized by an inflammation of the pleural cavity with a sharp pain resulting from the exansion of the lungs as the inflammed pleural layers rub against each other.,3,s0344
symptom/nervous system symptom/sensation perception/pain/chest pain/precordial pain,5,precordial pain,[],,2,s0345
symptom/nervous system symptom/sensation perception/pain/chest pain/severe chest pain,5,severe chest pain,['intense chest pain'],,3,s0346
symptom/nervous system symptom/sensation perception/pain/joint pain,4,joint pain,"['arthromyalgia', 'arthralgia']","A pain that is characterized by a pain situated, or occurring, in or around a joint.",2,s0347
symptom/nervous system symptom/sensation perception/pain/joint pain/shoulder pain,5,shoulder pain,[],"A joint pain that is characterized by a pain situated, or occurring, in or around the shoulder.",2,s0348
symptom/nervous system symptom/sensation perception/pain/joint pain/elbow pain,5,elbow pain,[],"A joint pain that is characterized by a pain situated, or occurring, in or around the elbow.",2,s0349
symptom/nervous system symptom/sensation perception/pain/joint pain/knee pain,5,knee pain,[],"A joint pain that is characterized by a pain situated, or occurring, in or around the knee.",2,s0350
symptom/nervous system symptom/sensation perception/pain/joint pain/hip pain,5,hip pain,[],"A joint pain that is characterized by a pain situated, or occurring, in or around the hip.",2,s0351
symptom/nervous system symptom/sensation perception/pain/joint pain/severe joint pain,5,severe joint pain,['intense join pain'],"A joint pain that is characterized by a pain situated, or occurring, in or around a joint that is intense (severe).",3,s0352
symptom/nervous system symptom/sensation perception/pain/acute painful vision loss,4,acute painful vision loss,[],,4,s0353
symptom/nervous system symptom/sensation perception/pain/painful lymph glands,4,painful lymph glands,['painful lymph nodes'],"A pain that is characterized by a pain situated, or occurring, in the lymph gland (lymph node). Pain is often associated with swelling of the gland, which is a sign that one's body is fighting an infection.",3,s0354
symptom/nervous system symptom/sensation perception/pain/gas pain,4,gas pain,[],,2,s0355
symptom/nervous system symptom/sensation perception/pain/neuropathic pain,4,neuropathic pain,[],"A pain that is characterized by being experienced by cancer patients and which is caused by radiotherapy or chemotherapy damage to nerves, when cancer invades or compresses nerves, or when, during cancer treatment. This type of pain is typically described as burning, electrical, or strange feeling.",2,s0356
symptom/nervous system symptom/sensation perception/pain/visceral pain,4,visceral pain,[],"A pain that is characterized by originating from organ tissues of the thorax, abdomen, or pelvis.  It characterizes as deep, vague, and difficult to locate pain, that radiates away from the affected organ.",2,s0357
symptom/nervous system symptom/sensation perception/pain/acute pain,4,acute pain,['sudden pain'],A pain that is characterized by being severe but lasting a relatively short time.,2,s0358
symptom/nervous system symptom/sensation perception/pain/nociceptive pain,4,nociceptive pain,[],"A pain that is characterized by originating from other than the peripheral and central nervous systems, and which is caused by activation of nociceptive fibers.",2,s0359
symptom/nervous system symptom/sensation perception/pain/chronic pain,4,chronic pain,[],A pain that is characterized by ranging from mild to severe and which continues beyond the expected healing phase.,2,s0360
symptom/nervous system symptom/sensation perception/pain/phantom pain,4,phantom pain,[],A pain that is characterized by a painful sensation that is perceived to originate in the amputated portion of the extremety. Patients may have localized pain that originates in the stump.,2,s0361
symptom/nervous system symptom/sensation perception/pain/breakthrough pain,4,breakthrough pain,[],"A pain that is characterized by occurring with movement and is not controlled by a scheduled pain medication regimen, such that the pain breaks through the current regimen. This is usually referred to in the context of a short and long acting opioid, the short acting opioid being used to treat the breakthrough pain.",2,s0362
symptom/nervous system symptom/sensation perception/pain/retrobulbar pain,4,retrobulbar pain,[],"A pain that is characterized by a pain situated, or occurring, behind the eyeball.",2,s0363
symptom/nervous system symptom/sensation perception/pain/testicular pain,4,testicular pain,[],"A pain that is characterized by a pain in, or about, a testis (testicle) or testes. Testicular pain can be caused by nerve damage, sexually transmitted infections, gangrene, swelling, hernia, kidney stones, inflammation, enlarged veins, fluid in the testicle, or a severe condition known as testicular torsion.",2,s0364
symptom/nervous system symptom/sensation perception/pain/backache,4,backache,['back pain'],A pain that is characterized by occurring in the lower back.,1,s0365
symptom/nervous system symptom/sensation perception/pain/backache/inflammatory low back pain,5,inflammatory low back pain,[],,4,s0366
symptom/nervous system symptom/sensation perception/pain/backache/low backache,5,low backache,['low back pain'],,2,s0367
symptom/nervous system symptom/sensation perception/pain/backache/severe backache,5,severe backache,['intense back pain'],,2,s0368
symptom/nervous system symptom/sensation perception/pain/allodynia,4,allodynia,[],"A pain that is characterized by a painful sensation with a normal, non-painful stimulation.",1,s0369
symptom/nervous system symptom/sensation perception/pain/parotid pain,4,parotid pain,['salivary gland pain'],"A pain that is characterized by a pain situated, or occurring, in the parotid gland, which is a salivary gland located in front of the ears. (Additional salivary glands include the submandibular and sublingual glands.) Pain is attributed to swelling of the gland.",2,s0370
symptom/nervous system symptom/sensation perception/pain/dyspareunia,4,dyspareunia,"['painful sexual intercourse', 'difficult sexual intercourse']",,1,s0371
symptom/nervous system symptom/sensation perception/pain/claudication,4,claudication,['blockage of leg arteries'],"A pain that is characterized by a leg pain in the calf, or thigh, which is caused by inadequate blood flow to the leg muscles and is brought on by leg exercise such as walking.",1,s0372
symptom/nervous system symptom/sensation perception/hypoalgesia,3,hypoalgesia,[],A sensation perception that is characterized by a diminished sensitivity to painful stimulation.,1,s0373
symptom/nervous system symptom/sensation perception/hyperalgesia,3,hyperalgesia,[],A sensation perception that is characterized by an increased response to a painful stimulus.,1,s0374
symptom/nervous system symptom/sensation perception/hypoesthesia,3,hypoesthesia,['numbness'],"A sensation perception that is characterized by a reduced sense of touch or sensation, or a partial loss of sensitivity to sensory stimuli.",1,s0375
symptom/nervous system symptom/sensation perception/hyperesthesia,3,hyperesthesia,['hyperaesthesia'],A sensation perception that is characterized by an increased sensitivity to stimulation.,1,s0376
symptom/nervous system symptom/aphasia,2,aphasia,['inability to comprehend language'],A nervous system symptom that is characterized by a loss or impairment of the power to use or comprehend words usually resulting from brain damage.|doid/symp duplicate,1,s0377
symptom/nervous system symptom/aphasia/poor enunciation,3,poor enunciation,[],An aphasia that is characterized by a loss of ability to properly enunciate words.,2,s0378
symptom/nervous system symptom/aphasia/inability to comprehend speech,3,inability to comprehend speech,[],An aphasia that is characterized by a loss of ability to comprehend speech.,4,s0379
symptom/nervous system symptom/aphasia/inability to comprehend speech/receptive aphasia,4,receptive aphasia,"['sensory aphasia', 'fluent aphasia', 'wernickes aphasia', 'inability to perceive pitch rhythm and emotional tone of speech']","An inability to comprehend speech that is characterized by an inability to understand spoken, written, or tactile speech symbols that results from damage (as by a brain lesion) to an area of the brain (as Wernicke's area) concerned with language.",2,s0380
symptom/nervous system symptom/aphasia/inability to speak,3,inability to speak,[],An aphasia that is characterized by a loss of ability to speak.,3,s0381
symptom/nervous system symptom/aphasia/anomia,3,anomia,"['anomic aphasia', 'amnesic aphasia', 'inability to name objects', 'amnestic aphasia', 'nominal aphasia']","An aphasia that is characterized by a severe problem with recalling words or names.|doid/symp duplicate - reviewed 10/2022, both DO & SYMP",1,s0382
symptom/nervous system symptom/aphasia/inability to form words,3,inability to form words,[],An aphasia that is characterized by a loss of ability to form words.,4,s0383
symptom/nervous system symptom/aphasia/agraphia,3,agraphia,['inability to write'],An aphasia that is characterized by a pathological loss of the ability to write.,1,s0384
symptom/nervous system symptom/aphasia/alexia,3,alexia,[],An aphasia that is characterized by a loss of ability to read.|doid/symp duplicate,1,s0385
symptom/nervous system symptom/aphasia/expressive aphasia,3,expressive aphasia,"['brocas aphasia', 'agrammatic aphasia']","An aphasia that is characterized by damage to, or a developmental issues in, the anterior regions of the brain, including (but not limited to) the left inferior frontal region known as Broca's area. Sufferers of this form of aphasia exhibit the common problem of agrammatism. For them, speech is difficult to initiate, non-fluent, labored, and halting.",2,s0386
symptom/nervous system symptom/behavioral symptom,2,behavioral symptom,[],"A nervous system symptom that is characterized by an involvement, or relation to, or emphasizes behavior.",2,s0387
symptom/nervous system symptom/behavioral symptom/communication difficulty,3,communication difficulty,[],"A behavioral symptom that is characterized by speech, language and communication needs or communication disabilities.",2,s0388
symptom/nervous system symptom/behavioral symptom/limited attention,3,limited attention,[],A behavioral symptom that is characterized by a restricted rate of information processing by the brain.,2,s0389
symptom/nervous system symptom/behavioral symptom/hyperactivity,3,hyperactivity,[],"A behavioral symptom that is characterized by an increase in movement, impulsive actions, a shorter attention span, and being easily distracted.",1,s0390
symptom/nervous system symptom/behavioral symptom/obsessive interests,3,obsessive interests,[],A behavioral symptom that is characterized by obsessive and highly-focused interests.,2,s0391
symptom/nervous system symptom/behavioral symptom/repetitive behavior,3,repetitive behavior,['stimming'],A behavioral symptom that is characterized by an unusual repetitive motor movements or manipulation of objects.,2,s0392
symptom/nervous system symptom/behavioral symptom/irritability,3,irritability,['inconsolability'],"A behavioral symptom that is characterized by a quick excitability to annoyance, impatience, or anger.",1,s0393
symptom/nervous system symptom/behavioral symptom/abnormal behavior,3,abnormal behavior,[],"A behavioral symptom that is characterized by behavior that is atypical or statistically uncommon within a particular culture, or that is maladaptive, or detrimental to an individual, or those around that individual.",2,s0394
symptom/nervous system symptom/behavioral symptom/aggressive behavior,3,aggressive behavior,[],"A behavioral symptom that is characterized by behavior aimed at harming a person, or animal, or damaging physical property.",2,s0395
symptom/nervous system symptom/paralysis,2,paralysis,[],A nervous system symptom that is characterized by a complete or partial loss of function especially when involving the power of motion or of sensation in any part of the body.,1,s0396
symptom/nervous system symptom/paralysis/respiratory paralysis,3,respiratory paralysis,[],A paralysis that is characterized by a complete or severe weakness of the muscles of respiration.,2,s0397
symptom/nervous system symptom/paralysis/transient paralysis of limb,3,transient paralysis of limb,[],"A paralysis that is characterized by a loss of some, or all, muscle control in a limb, and which lasts for only a short time (i.e. is temporary).",4,s0398
symptom/nervous system symptom/paralysis/lip paralysis,3,lip paralysis,['paralysed lips'],,2,s0399
symptom/nervous system symptom/paralysis/throat muscle paralysis,3,throat muscle paralysis,[],,3,s0400
symptom/nervous system symptom/paralysis/paraplegia,3,paraplegia,[],"A paralysis that is characterized by a complete, or partial, loss of function of the lower half of the body with involvement of both legs that is usually due to injury or disease of the spinal cord in the thoracic or lumbar region.|doid/symp duplicate",1,s0401
symptom/nervous system symptom/paralysis/hemiparesis,3,hemiparesis,[],A paralysis that is characterized by a weakness or the inability to move on one side of the body.,1,s0402
symptom/nervous system symptom/paralysis/pareses,3,pareses,['partial paralysis'],A paralysis that is charachterized by a slight or partial paralysis.,1,s0403
symptom/nervous system symptom/paralysis/extraocular muscles paralysis,3,extraocular muscles paralysis,[],,3,s0404
symptom/nervous system symptom/paralysis/hind limb paralysis,3,hind limb paralysis,[],,3,s0405
symptom/nervous system symptom/paralysis/hind limb paralysis/partial hind limb paralysis,4,partial hind limb paralysis,[],,4,s0406
symptom/nervous system symptom/paralysis/proximal paralysis of arm and leg,3,proximal paralysis of arm and leg,[],,6,s0407
symptom/nervous system symptom/paralysis/motor paralysis,3,motor paralysis,[],A paralysis that is characterized by a complete or partial loss of function the voluntary muscles.,2,s0408
symptom/nervous system symptom/paralysis/spastic paralysis,3,spastic paralysis,[],A paralysis that is characterized by a tonic spasm of the affected muscles and with increased tendon reflexes.,2,s0409
symptom/nervous system symptom/paralysis/descending muscle paralysis,3,descending muscle paralysis,[],"A paralysis that is characterized by a loss of motor function in one or more muscles, which can also be accompanied by a loss of feeling (sensory loss). Descending paralysis contrasts with ascending paralysis in that descending paralysis presents in the upper limbs before the lower limbs. Descending paralysis occurs in conditions such as botulism.",3,s0410
symptom/nervous system symptom/paralysis/facial paralysis,3,facial paralysis,[],doid/symp duplicate,2,s0411
symptom/nervous system symptom/paralysis/flaccid paralysis,3,flaccid paralysis,[],A paralysis that is charicterized by a lack of muscle tone in the affected muscles and in which tendon reflexes are decreased or absent.,2,s0412
symptom/nervous system symptom/spasticity,2,spasticity,[],"A nervous system symptom that is characterized by an abnormal increase in muscle tone or stiffness of muscle, which might interfere with movement, speech, or be associated with discomfort or pain.",1,s0413
symptom/nervous system symptom/meningitis,2,meningitis,[],A nervous system symptom that is characterized by an inflammation of the meninges and especially of the pia mater and the arachnoid.,1,s0414
symptom/nervous system symptom/spondylitis,2,spondylitis,[],A nervous system symptom that is characterized by an inflammation of the vertebrae.|doid/symp duplicate,1,s0415
symptom/nervous system symptom/encephalitis,2,encephalitis,[],"A nervous system symptom that is characterized by inflammation of the brain tissue, which is typically caused by a viral infection, but it may also be caused by bacterial or parasitic infections, cancer, or certain drugs or toxins.|doid/symp duplicate",1,s0416
symptom/nervous system symptom/encephalitis/mild encephalitis,3,mild encephalitis,[],An encephalitis that is not intense (not severe).,2,s0417
symptom/nervous system symptom/reflex symptom,2,reflex symptom,[],,2,s0418
symptom/nervous system symptom/reflex symptom/areflexia,3,areflexia,['absence of neurological reflexes'],,1,s0419
symptom/nervous system symptom/reflex symptom/areflexia/absence of knee jerk reflex,4,absence of knee jerk reflex,[],,5,s0420
symptom/nervous system symptom/reflex symptom/areflexia/absent gag reflex,4,absent gag reflex,[],,3,s0421
symptom/nervous system symptom/reflex symptom/loss of tendon reflex,3,loss of tendon reflex,[],,4,s0422
symptom/nervous system symptom/reflex symptom/hyperreflexia,3,hyperreflexia,[],,1,s0423
symptom/nervous system symptom/reflex symptom/impaired gag reflex,3,impaired gag reflex,[],,3,s0424
symptom/nervous system symptom/reflex symptom/decreased flexor withdrawal reflex,3,decreased flexor withdrawal reflex,[],,4,s0425
symptom/nervous system symptom/reflex symptom/diminished gag reflex,3,diminished gag reflex,[],,3,s0426
symptom/nervous system symptom/acute mental dysfunction,2,acute mental dysfunction,[],"A nervous system symptom that is characterized by a severe and sudden onset of disturbance in the normal operation of one's cognition, emotional regulation, or behaviour.",3,s0427
symptom/nervous system symptom/cerebrovascular accident,2,cerebrovascular accident,"['cerebral hemorrhage', 'cerebral accident', 'apoplexy']","A nervous system symptom that is characterized by a loss of blood flow to part of the brain, which damages brain tissue. Cerebrovascular accidents are caused by blood clots and broken blood vessels in the brain.",2,s0428
symptom/nervous system symptom/meningoencephalitis,2,meningoencephalitis,[],A nervous system symptom that is characterized by an inflammation of the brain and meninges.|doid/symp duplicate,1,s0429
symptom/nervous system symptom/meningoencephalitis/acute meningoencephalitis,3,acute meningoencephalitis,[],A meningoencephalitis that is characterized by a severe and sudden onset.,2,s0430
symptom/nervous system symptom/meningismus,2,meningismus,[],A nervous system symptom that is characterized by a state of meningeal irritation with symptoms suggesting meningitis that often occurs at the onset of acute febrile diseases especially in children.,1,s0431
symptom/nervous system symptom/neurologic neglect syndrome,2,neurologic neglect syndrome,[],,3,s0432
symptom/nervous system symptom/disturbances of sensation of smell and taste,2,disturbances of sensation of smell and taste,['taste alteration'],,7,s0433
symptom/nervous system symptom/disturbances of sensation of smell and taste/ageusia,3,ageusia,['loss of taste'],A disturbances of sensation of smell and taste that is characterized by a complete loss of taste function of the tongue.,1,s0434
symptom/nervous system symptom/seizure,2,seizure,[],,1,s0435
symptom/nervous system symptom/seizure/generalized seizure,3,generalized seizure,[],,2,s0436
symptom/nervous system symptom/seizure/generalized seizure/tonic-clonic seizure,4,tonicclonic seizure,['grand mal seizure'],,2,s0437
symptom/nervous system symptom/seizure/generalized seizure/tonic seizure,4,tonic seizure,[],,2,s0438
symptom/nervous system symptom/seizure/generalized seizure/myoclonic seizure,4,myoclonic seizure,[],,2,s0439
symptom/nervous system symptom/seizure/generalized seizure/atonic seizure,4,atonic seizure,[],,2,s0440
symptom/nervous system symptom/seizure/generalized seizure/clonic seizure,4,clonic seizure,[],,2,s0441
symptom/nervous system symptom/seizure/focal seizure,3,focal seizure,['partial seizure'],,2,s0442
symptom/nervous system symptom/seizure/focal seizure/complex partial seizure,4,complex partial seizure,[],,3,s0443
symptom/nervous system symptom/seizure/focal seizure/simple partial seizure,4,simple partial seizure,[],,3,s0444
symptom/nervous system symptom/seizure/epileptic seizure,3,epileptic seizure,[],,2,s0445
symptom/nervous system symptom/neurological dysfunction,2,neurological dysfunction,[],,2,s0446
symptom/nervous system symptom/neurological dysfunction/acute cranial nerve dysfunction,3,acute cranial nerve dysfunction,[],,4,s0447
symptom/nervous system symptom/convulsion,2,convulsion,[],A nervous system symptom that is characterized by an abnormal violent and involuntary contraction or series of contractions of the muscles.,1,s0448
symptom/nervous system symptom/convulsion/tetanic convulsion,3,tetanic convulsion,['tetanic convulsions'],"A convulsion that is characterized by a tonic spasm (prolonged contraction of the muscles), without loss of consciousness and often associated with hypocalcemia.",2,s0449
symptom/nervous system symptom/convulsion/tetanic convulsion/mild tetanic convulsion,4,mild tetanic convulsion,[],A tetanic convulsion that is not intense (not severe).,3,s0450
symptom/nervous system symptom/convulsion/febrile convulsion,3,febrile convulsion,['febrile seizure'],A convulsion that is characterized by occurring in young children between six months and five years of age and which is triggered by fever.,2,s0451
symptom/nervous system symptom/abnormal involuntary movement,2,abnormal involuntary movement,[],"A nervous system symptom that is characterized by an inability to control bodily movement and may be a symptom of cerebrovascular diseases, dyskinesia, tremor, chorea, dystonia and myoclonus.",3,s0452
symptom/nervous system symptom/abnormal involuntary movement/circling movement,3,circling movement,[],An abnormal involuntary movement that is characterized by an inability to walk in a straight line.,2,s0453
symptom/nervous system symptom/decreased motor response,2,decreased motor response,[],,3,s0454
symptom/nervous system symptom/neurological alteration,2,neurological alteration,[],,2,s0455
symptom/nervous system symptom/coordination symptom,2,coordination symptom,[],A nervous system symptom that is characterized by the harmonious functioning of interrelated organs and body parts; in particular the working together of muscle groups in the execution of complicated movements.,2,s0456
symptom/nervous system symptom/coordination symptom/incoordination,3,incoordination,['lack of coordination'],"A coordination symptom that is characterized by a loss of complicated body movements, which may be caused by disease, injury, or toxins.",1,s0457
symptom/nervous system symptom/coordination symptom/impaired coordination,3,impaired coordination,[],"A coordination symptom that is characterized by weakened or imperfect body complicated  movement, which may be caused by disease, injury, or toxins.",2,s0458
symptom/nervous system symptom/brain cyst,2,brain cyst,[],,2,s0459
symptom/nervous system symptom/altered mental status,2,altered mental status,[],"A nervous system symptom that is characterized by a host of presentations that include changes in cognition, mood, behavior, and/or level of arousal.",3,s0460
symptom/nervous system symptom/diminished spontaneous movement,2,diminished spontaneous movement,[],,3,s0461
symptom/reproductive system symptom,1,reproductive system symptom,[],,3,s0462
symptom/reproductive system symptom/epididymitis,2,epididymitis,['inflammation of the epididymis'],A reproductive system symptom that is characterized by an inflammation of the epididymis.|doid/symp duplicate,1,s0463
symptom/reproductive system symptom/epididymorchitis,2,epididymorchitis,['epididymoorchitis'],A reproductive system symptom that is characterized by inflammation of the epididymis and/or testicle (testis).,1,s0464
symptom/reproductive system symptom/scrotal abscess,2,scrotal abscess,[],"A reproductive system symptom that is characterized by an abscess that is either superficial or intrascrotal.  Superficial scrotal abscess may occur from an infected hair follicle, infection of a scrotal laceration, or minor scrotal surgery.  Intrascrotal abscess most commonly arises from bacterial epididymitis, but may also be related to tuberculous infection of the epididymis, a testicular abscess that ruptures through the tunica albuginea, or drainage of appendicitis into scrotum through a patent processus vaginalis or as a result of extravasation of infected urine from the urethra in patients with a urethral stricture and neurogenic bladder using an external collection device.",2,s0465
symptom/reproductive system symptom/abnormal vaginal bleeding,2,abnormal vaginal bleeding,['abnormal menstruation'],A reproductive system symptom that is characterized by bleeding from the uterus that is longer than usual or that occurs at an irregular time. Bleeding may be heavier or lighter than usual and occur often or randomly.,3,s0466
symptom/reproductive system symptom/abortion,2,abortion,['infectious abortion'],A reproductive system symptom that is characterized by the expulsion of a fetus at any time before completion of pregnancy and is often due to infection.,1,s0467
symptom/reproductive system symptom/abortion/spontaneous abortion,3,spontaneous abortion,[],An abortion that is characterized by the natural occurring expulsion of a nonviable fetus.,2,s0468
symptom/reproductive system symptom/miscarriage,2,miscarriage,[],A reproductive system symptom that is characterized by the spontaneous expulsion of a human fetus before it is viable and especially between the 12th and 28th weeks of gestation.,1,s0469
symptom/reproductive system symptom/infertility,2,infertility,[],"A reproductive system symptom that is characterized the biological inability of a man or a woman to contribute to conception; or, the state of a woman who is unable to carry a pregnancy to full term.|doid/symp duplicate",1,s0470
symptom/reproductive system symptom/vaginal discharge,2,vaginal discharge,[],"A reproductive system symptom that is characterized by fluid made by glands inside the vagina and cervix carrying away dead cells and bacteria. While it is normal for odor and color to vary, vaginal itching or burning may be indicative of an infection.|doid/symp duplicate",2,s0471
symptom/reproductive system symptom/prostate symptom,2,prostate symptom,[],,2,s0472
symptom/reproductive system symptom/prostate symptom/prostatic abscess,3,prostatic abscess,[],"A prostate symptom that is characterized by a localized collection of purulent fluid within the prostate, often forming as a complication of acute bacterial prostatitis.",2,s0473
symptom/reproductive system symptom/prostate symptom/prostatic infection,3,prostatic infection,[],A prostate symptom that is characterized by inflammation of the prostate and surrounding area.,2,s0474
symptom/reproductive system symptom/stillbirth,2,stillbirth,[],"A reproductive system symptom that is characterized by the birth of a dead fetus; in which  a fetus that has died in the uterus, or during labor, or delivery, exits a woman's body.",1,s0475
symptom/reproductive system symptom/menorrhagia,2,menorrhagia,[],A reproductive system symptom that is characterized an abnormally profuse menstrual flow.,1,s0476
symptom/reproductive system symptom/menorrhagia/metrorrhagia,3,metrorrhagia,[],"A menorrhagia that is characterized by an irregular uterine bleeding, especially between menstrual periods.",1,s0477
symptom/reproductive system symptom/menorrhagia/hypermenorrhea,3,hypermenorrhea,[],A menorrhagia that is characterized by an abnormally profuse or prolonged menstrual flow.,1,s0478
symptom/reproductive system symptom/vaginismus,2,vaginismus,['painful spasmodic vagina contractions'],A reproductive system symptom that is characterized by a painful spasmodic contraction of the vagina.,1,s0479
symptom/reproductive system symptom/premature labor,2,premature labor,[],A reproductive system symptom that is characterized by labor occurring before 37 full weeks of pregnancy.,2,s0480
symptom/respiratory system and chest symptom,1,respiratory system and chest symptom,[],,5,s0481
symptom/respiratory system and chest symptom/swelling in chest,2,swelling in chest,[],,3,s0482
symptom/respiratory system and chest symptom/mass in chest,2,mass in chest,[],,3,s0483
symptom/respiratory system and chest symptom/abnormal chest sound,2,abnormal chest sound,[],"A respiratory system and chest symptom that is characterized by a sound of breathing that is not similar to that of the sound of moving air and may include: rhonchi (a low-pitched breath sound), crackles (a high-pitched breath sound), wheezing (a high-pitched whistling sound caused by narrowing of the bronchial tubes), and stridor (a harsh, vibratory sound caused by narrowing of the upper airway).",3,s0484
symptom/respiratory system and chest symptom/abnormal chest sound/rales,3,rales,"['crepitations', 'crackles']","An abnormal chest sound that is characterized by the clicking, rattling, or crackling noises heard on auscultation of (listening to) the lung with a stethoscope during inhalation. The sounds are caused by the 'popping open' of small airways and alveoli collapsed by fluid, exudate, or lack of aeration during expiration. The word 'rales' derives from the French word rale meaning 'rattle'. Rales can be heard in patients with pneumonia, atelectasis, pulmonary fibrosis, acute bronchitis, or bronchiectasis. Pulmonary edema secondary to left-sided congestive heart failure can also cause rales.",1,s0485
symptom/respiratory system and chest symptom/abnormal chest sound/stridor,3,stridor,[],An abnormal chest sound that is characterized by a harsh vibrating sound heard during respiration in cases of obstruction of the air passages.,1,s0486
symptom/respiratory system and chest symptom/abnormal chest sound/wheezing,3,wheezing,[],An abnormal chest sound that is characterized by breathing with difficulty usually with a whistling sound.,1,s0487
symptom/respiratory system and chest symptom/caseation,2,caseation,[],A respiratory system and chest symptom that is characterized by necrosis of tissue with conversion of damaged tissue into a soft cheesy substance.,1,s0488
symptom/respiratory system and chest symptom/bronchospasm,2,bronchospasm,[],A respiratory system and chest symptom that is characterized by constriction of the air passages of the lung (as in asthma) by spasmodic contraction of the bronchial muscles.,1,s0489
symptom/respiratory system and chest symptom/cough,2,cough,[],A respiratory system and chest symptom that is characterized by an explosive expulsion of air from the lungs acting as a protective mechanism to clear the air passages or as a symptom of pulmonary disturbance.,1,s0490
symptom/respiratory system and chest symptom/cough/wet cough,3,wet cough,['productive cough'],A cough that is characterized by a production and expectoration (bringing up) of mucus (phlegm) or sputum.,2,s0491
symptom/respiratory system and chest symptom/cough/paroxysmal cough,3,paroxysmal cough,[],A cough that is characterized by a persistent cough with sudden onset due to difficulty expelling thick mucus from the tracheobronchial tree. This type of cough is associated with diseases such as Pertussis (Whooping Cough).,2,s0492
symptom/respiratory system and chest symptom/cough/cough with bloody sputum,3,cough with bloody sputum,[],A cough that is characterized by production and expectoration (bringing up) of sputum that is bright red or pink and frothy.,4,s0493
symptom/respiratory system and chest symptom/cough/dry cough,3,dry cough,['nonproductive cough'],A cough that is characterized by a lack of accompanied phlegm production.,2,s0494
symptom/respiratory system and chest symptom/cough/dry cough/dry hacking cough,4,dry hacking cough,[],A dry cough that is characterized by a rough and loud sound.,3,s0495
symptom/respiratory system and chest symptom/cough/barking croup cough,3,barking croup cough,[],"A cough that is characterized by a tight, low-pitched, and barky (like a barking seal) cough.",3,s0496
symptom/respiratory system and chest symptom/cough/chronic cough,3,chronic cough,[],"A cough that is characterized by an explosive expulsion of air from the lungs acting as a protective mechanism to clear the air passages or as a symptom of pulmonary disturbance marked by long duration, by frequent recurrence over a long time, and often by slowly progressing seriousness.",2,s0497
symptom/respiratory system and chest symptom/respiratory failure,2,respiratory failure,['respiratory dysfunction'],"A respiratory system and chest symptom that is characterized by a difficulty to breathe on one's own and develops when the lungs cannot get enough oxygen into the blood.|doid/symp duplicate - reviewed 10/2022, both DO & SYMP",2,s0498
symptom/respiratory system and chest symptom/bronchiolitis,2,bronchiolitis,['bronchioles inflammation'],A respiratory system and chest symptom that is characterized by an inflammation of the bronchioles.|doid/symp duplicate,1,s0499
symptom/respiratory system and chest symptom/congestion,2,congestion,"['blocked nose', 'nasal blockage', 'stuffed up nose', 'nasal obstruction', 'stuffy nose']",A respiratory system and chest symptom that is characterized by an excessive accumulation especially of blood or mucus.,1,s0500
symptom/respiratory system and chest symptom/congestion/nasal congestion,3,nasal congestion,[],"A congestion that is characterized by a blockage of the nasal passages, usually due to the membranes lining the nose becoming swollen from inflamed blood vessels.",2,s0501
symptom/respiratory system and chest symptom/sputum,2,sputum,['sputum production'],"A respiratory system and chest symptom that is characterized by matter discharged from the air passages in diseases of the lungs, bronchi, or upper respiratory tract that contains mucus and often pus, blood, fibrin, or bacterial products.",1,s0502
symptom/respiratory system and chest symptom/sputum/bloody sputum,3,bloody sputum,[],"A sputum that is characterized by blood or bloody mucus discharged from the air passages caused by common forms of infection in the lungs and airways, such as acute bronchitis or pneumonia. Bloody sputum can also come from cancer of the lung.|Bloody sputum (spitting up blood or bloody mucus) can come from common forms of infection in the lungs and airways, such as acute bronchitis or pneumonia. Bloody sputum can also come from cancer of the lung.",2,s0503
symptom/respiratory system and chest symptom/sputum/abnormal sputum,3,abnormal sputum,[],,2,s0504
symptom/respiratory system and chest symptom/chest discomfort,2,chest discomfort,[],"A respiratory system and chest symptom that is characterized by pain, pressure, tightness, or other discomfort originating in or radiating to the chest, which constitutes an important indicator of potentially serious cardiac or cardiovascular disorders.",2,s0505
symptom/respiratory system and chest symptom/chest discomfort/chest tightness,3,chest tightness,[],A chest discomfort that is characterized by any type of pain or discomfort between your upper belly and lower neck.,2,s0506
symptom/respiratory system and chest symptom/bronchitis,2,bronchitis,[],A respiratory system and chest symptom that is characterized by an acute or chronic inflammation of the bronchial tubes.|doid/symp duplicate,1,s0507
symptom/respiratory system and chest symptom/bronchitis/mild bronchitis,3,mild bronchitis,[],,2,s0508
symptom/respiratory system and chest symptom/dyspneic enteritis,2,dyspneic enteritis,[],"A respiratory system and chest symptom that is characterized by being short or breath or out of air (dyspnea), with inflammation of the small intestine (enteritis).",2,s0509
symptom/respiratory system and chest symptom/painful respiration,2,painful respiration,[],"A respiratory system and chest symptom that is characterized by a feeling of discomfort when breathing in or out.  The pain may be the result of infection, musculoskeletal injury, and heart problems.",2,s0510
symptom/respiratory system and chest symptom/pulmonary consolidation,2,pulmonary consolidation,[],A respiratory system and chest symptom that is characterized by a region of normally compressible lung tissue that has filled with liquid instead of air.,2,s0511
symptom/respiratory system and chest symptom/bronchiole inflammation,2,bronchiole inflammation,[],"A respiratory system and chest symptom that is characterized by acute inflammation of the bronchi, accompanied by inflamed patches in the nearby lobules of the lungs.",2,s0512
symptom/respiratory system and chest symptom/bronchiole inflammation/suppurative bronchiole inflammation,3,suppurative bronchiole inflammation,[],,3,s0513
symptom/respiratory system and chest symptom/bronchiole inflammation/severe bronchiole inflammation,3,severe bronchiole inflammation,[],,3,s0514
symptom/respiratory system and chest symptom/lump in chest,2,lump in chest,[],,3,s0515
symptom/respiratory system and chest symptom/hemoptysis,2,hemoptysis,"['coughing up of blood', 'expectoration of blood', 'expectoration of bloodstained sputum', 'haemoptysis']",A respiratory system and chest symptom that is characterized by an expectoration of blood from some part of the respiratory tract.,1,s0516
symptom/respiratory system and chest symptom/hiccough,2,hiccough,[],A respiratory system and chest symptom that is characterized by a spasmodic inhalation with closure of the glottis accompanied by a peculiar sound.,1,s0517
symptom/respiratory system and chest symptom/lesions in lung,2,lesions in lung,[],,3,s0518
symptom/respiratory system and chest symptom/respiratory abnormality,2,respiratory abnormality,[],"A respiratory system and chest symptom that is characterized by a respiration that is not normal and may include, but is not limited to: apnea, eupnea, orthopnea, dyspnea hyperpnea, hyperventilation, hypoventilation, tachypnea, Kussmaul respiration, Cheyne-Stokes respiration, sighing respiration, Biot respiration, apneustic breathing, central neurogenic hyperventilation, and central neurogenic hypoventilation.",2,s0519
symptom/respiratory system and chest symptom/respiratory abnormality/breathing problems,3,breathing problems,[],"A respiratory abnormality that is characterized by a shortness of breath, a hard or uncomfortable intake of air, or the feeling that you're not getting enough air.",2,s0520
symptom/respiratory system and chest symptom/respiratory abnormality/panting respiration,3,panting respiration,[],"A respiratory abnormality that is characterized by short, shallow, and rapid breathing.",2,s0521
symptom/respiratory system and chest symptom/respiratory abnormality/cheyne-stokes respiration,3,cheynestokes respiration,[],A respiratory abnormality that is characterized by a specific form of periodic breathing (waxing and waning amplitude of flow or tidal volume) characterized by a crescendo-decrescendo pattern of respiration between central apneas or central hypopneas.,2,s0522
symptom/respiratory system and chest symptom/respiratory abnormality/dyspnea,3,dyspnea,"['breathing difficulty', 'difficulty breathing', 'breathlessness', 'shortness of breath', 'labored respiration']",A respiratory abnormality that is characterized by difficult or labored respiration.,1,s0523
symptom/respiratory system and chest symptom/respiratory abnormality/dyspnea/acute dyspnea,4,acute dyspnea,[],A dyspnea that is characterized by a severe and sudden onset.,2,s0524
symptom/respiratory system and chest symptom/respiratory abnormality/rapid respiration,3,rapid respiration,[],"A respiratory abnormality that is characterized by an increased breathing rate, with more than 20 breaths per minute in an adult, while in children, the number of breaths per minute can be a higher resting rate than seen in adults.",2,s0525
symptom/respiratory system and chest symptom/respiratory abnormality/bradypnea,3,bradypnea,['abnormally slow breathing'],A respiratory abnormality that is characterized by abnormally slow breathing.,1,s0526
symptom/respiratory system and chest symptom/respiratory abnormality/hypoventilation,3,hypoventilation,[],A respiratory abnormality that is characterized by a deficient ventilation of the lungs that results in reduction in the oxygen content or increase in the carbon dioxide content of the blood or both.,1,s0527
symptom/respiratory system and chest symptom/respiratory abnormality/tachypnea,3,tachypnea,['rapid breathing'],A respiratory abnormality that is characterized by an increased rate of respiration and shallow breathing.,1,s0528
symptom/respiratory system and chest symptom/respiratory abnormality/apnea,3,apnea,[],A respiratory abnormality that is characterized by transient cessation of respiration whether normal (as in hibernating animals) or abnormal (as that caused by certain drugs).,1,s0529
symptom/respiratory system and chest symptom/respiratory abnormality/apnea/sleep apnea,4,sleep apnea,[],An apnea that is characterized by brief periods of recurrent cessation of breathing during sleep that is caused especially by obstruction of the airway or a disturbance in the brain's respiratory center and is associated especially with excessive daytime sleepiness.|doid/symp duplicate,2,s0530
symptom/respiratory system and chest symptom/respiratory abnormality/hyperventilation,3,hyperventilation,[],A respiratory abnormality that is characterized by excessive ventilation characterized by excessive rate and depth of respiration leading to abnormal loss of carbon dioxide from the blood.,1,s0531
symptom/respiratory system and chest symptom/respiratory abnormality/orthopnea,3,orthopnea,[],A respiratory abnormality that is characterized by a difficulty in breathing that occurs when lying down and is relieved upon changing to an upright position (as in congestive heart failure).,1,s0532
symptom/respiratory system and chest symptom/sneezing,2,sneezing,[],A respiratory system and chest symptom that is characterized by a sudden violent spasmodic audible expiration of breath through the nose and mouth especially as a reflex act following irritation of the nasal mucous membrane.,1,s0533
symptom/respiratory system and chest symptom/hemorrhagic mediastinitis,2,hemorrhagic mediastinitis,[],"A respiratory abnormality that is characterized by inflammation of the mediastinum (the chest cavity, which contains the heart, the thymus gland, some lymph nodes, and parts of the esophagus, aorta, thyroid, and parathyroid glands) as the result of bleeding.",2,s0534
symptom/respiratory system and chest symptom/pulmonary edema,2,pulmonary edema,['oedematous lungs'],A respiratory system and chest symptom that is characterized by an abnormal accumulation of fluid in the lungs.|doid/symp duplicate,2,s0535
symptom/respiratory system and chest symptom/airway stenosis,2,airway stenosis,[],A respiratory system and chest symptom that is characterized by a narrowing in the airway that obstructs the passage of air into the lungs.  Examples include tracheal and laryngotracheal stenosis.,2,s0536
symptom/respiratory system and chest symptom/bronchopulmonary bleeding,2,bronchopulmonary bleeding,[],A respiratory system and chest symptom that is characterized by bleeding (hemorrhage) in either or both the bronchi and the lungs.,2,s0537
symptom/respiratory system and chest symptom/respiratory tract mucosa ulcer,2,respiratory tract mucosa ulcer,[],"A respiratory system and chest symptom that is characterized by an ulceration (dying and sloughing) of the bronchial or bronchiolar epithelium, exposing the underlying basement membrane.",4,s0538
symptom/respiratory system and chest symptom/pneumonitis,2,pneumonitis,['inflammation of lung tissue'],"A respiratory system and chest symptom that is characterized by an inflammation of lung tissue. Pneumonia is one type of pneumonitis caused by an infection. Many other factors can cause pneumonitis, including breathing in animal dander, inhaling small food particles 'down the wrong pipe' and receiving radiation therapy to your chest.",1,s0539
symptom/respiratory system and chest symptom/phlegm,2,phlegm,[],A respiratory system and chest symptom that is characterized by a viscid mucus secreted in abnormal quantity in the respiratory passages.,1,s0540
symptom/abdominal symptom,1,abdominal symptom,[],,2,s0541
symptom/abdominal symptom/abdominal discomfort,2,abdominal discomfort,[],,2,s0542
symptom/abdominal symptom/abdominal rigidity,2,abdominal rigidity,[],,2,s0543
symptom/abdominal symptom/abdominal rigidity/periumbilic abdominal rigidity,3,periumbilic abdominal rigidity,[],,3,s0544
symptom/abdominal symptom/abdominal rigidity/right upper quadrant abdominal rigidity,3,right upper quadrant abdominal rigidity,[],,5,s0545
symptom/abdominal symptom/abdominal rigidity/left lower quadrant abdominal rigidity,3,left lower quadrant abdominal rigidity,[],,5,s0546
symptom/abdominal symptom/abdominal rigidity/generalized abdominal rigidity,3,generalized abdominal rigidity,[],,3,s0547
symptom/abdominal symptom/abdominal rigidity/epigastric abdominal rigidity,3,epigastric abdominal rigidity,[],,3,s0548
symptom/abdominal symptom/abdominal rigidity/right lower quadrant abdominal rigidity,3,right lower quadrant abdominal rigidity,[],,5,s0549
symptom/abdominal symptom/abdominal rigidity/left upper quadrant abdominal rigidity,3,left upper quadrant abdominal rigidity,[],,5,s0550
symptom/abdominal symptom/abdominal rigidity/multiple sites abdominal rigidity,3,multiple sites abdominal rigidity,[],,4,s0551
symptom/abdominal symptom/ascites,2,ascites,['hydroperitoneum'],An abdominal symptom consisting of an abnormal accumulation of serous fluid in the spaces between tissues and organs in the cavity of the abdomen.,1,s0552
symptom/abdominal symptom/abdominal tenderness,2,abdominal tenderness,[],,2,s0553
symptom/abdominal symptom/abdominal tenderness/right lower quadrant abdominal tenderness,3,right lower quadrant abdominal tenderness,[],,5,s0554
symptom/abdominal symptom/abdominal tenderness/left lower quadrant abdominal tenderness,3,left lower quadrant abdominal tenderness,[],,5,s0555
symptom/abdominal symptom/abdominal tenderness/periumbilic abdominal tenderness,3,periumbilic abdominal tenderness,[],,3,s0556
symptom/abdominal symptom/abdominal tenderness/epigastric abdominal tenderness,3,epigastric abdominal tenderness,[],,3,s0557
symptom/abdominal symptom/abdominal tenderness/multiple sites abdominal tenderness,3,multiple sites abdominal tenderness,[],,4,s0558
symptom/abdominal symptom/abdominal tenderness/right upper quadrant abdominal tenderness,3,right upper quadrant abdominal tenderness,[],,5,s0559
symptom/abdominal symptom/abdominal tenderness/generalized abdominal tenderness,3,generalized abdominal tenderness,[],,3,s0560
symptom/abdominal symptom/abdominal tenderness/left upper quadrant abdominal tenderness,3,left upper quadrant abdominal tenderness,[],,5,s0561
symptom/abdominal symptom/pelvic symptom,2,pelvic symptom,[],,2,s0562
symptom/abdominal symptom/pelvic symptom/pelvic swelling,3,pelvic swelling,[],,2,s0563
symptom/abdominal symptom/pelvic symptom/pelvic swelling/periumbilic pelvic swelling,4,periumbilic pelvic swelling,[],,3,s0564
symptom/abdominal symptom/pelvic symptom/pelvic swelling/left lower quadrant pelvic swelling,4,left lower quadrant pelvic swelling,[],,5,s0565
symptom/abdominal symptom/pelvic symptom/pelvic swelling/multiple sites pelvic swelling,4,multiple sites pelvic swelling,[],,4,s0566
symptom/abdominal symptom/pelvic symptom/pelvic swelling/generalized pelvic swelling,4,generalized pelvic swelling,[],,3,s0567
symptom/abdominal symptom/pelvic symptom/pelvic swelling/left upper quadrant pelvic swelling,4,left upper quadrant pelvic swelling,[],,5,s0568
symptom/abdominal symptom/pelvic symptom/pelvic swelling/right upper quadrant pelvic swelling,4,right upper quadrant pelvic swelling,[],,5,s0569
symptom/abdominal symptom/pelvic symptom/pelvic swelling/epigastric pelvic swelling,4,epigastric pelvic swelling,[],,3,s0570
symptom/abdominal symptom/pelvic symptom/pelvic swelling/right lower quadrant pelvic swelling,4,right lower quadrant pelvic swelling,[],,5,s0571
symptom/abdominal symptom/pelvic symptom/pelvic lump,3,pelvic lump,[],,2,s0572
symptom/abdominal symptom/pelvic symptom/pelvic lump/multiple sites pelvic lump,4,multiple sites pelvic lump,[],,4,s0573
symptom/abdominal symptom/pelvic symptom/pelvic lump/periumbilic pelvic lump,4,periumbilic pelvic lump,[],,3,s0574
symptom/abdominal symptom/pelvic symptom/pelvic lump/left lower quadrant pelvic lump,4,left lower quadrant pelvic lump,[],,5,s0575
symptom/abdominal symptom/pelvic symptom/pelvic lump/epigastric pelvic lump,4,epigastric pelvic lump,[],,3,s0576
symptom/abdominal symptom/pelvic symptom/pelvic lump/left upper quadrant pelvic lump,4,left upper quadrant pelvic lump,[],,5,s0577
symptom/abdominal symptom/pelvic symptom/pelvic lump/right upper quadrant pelvic lump,4,right upper quadrant pelvic lump,[],,5,s0578
symptom/abdominal symptom/pelvic symptom/pelvic lump/right lower quadrant pelvic lump,4,right lower quadrant pelvic lump,[],,5,s0579
symptom/abdominal symptom/pelvic symptom/pelvic lump/generalized pelvic lump,4,generalized pelvic lump,[],,3,s0580
symptom/abdominal symptom/pelvic symptom/pelvic mass,3,pelvic mass,[],,2,s0581
symptom/abdominal symptom/pelvic symptom/pelvic mass/periumbilic pelvic mass,4,periumbilic pelvic mass,[],,3,s0582
symptom/abdominal symptom/pelvic symptom/pelvic mass/right lower quadrant pelvic mass,4,right lower quadrant pelvic mass,[],,5,s0583
symptom/abdominal symptom/pelvic symptom/pelvic mass/generalized pelvic mass,4,generalized pelvic mass,[],,3,s0584
symptom/abdominal symptom/pelvic symptom/pelvic mass/epigastric pelvic mass,4,epigastric pelvic mass,[],,3,s0585
symptom/abdominal symptom/pelvic symptom/pelvic mass/left upper quadrant pelvic mass,4,left upper quadrant pelvic mass,[],,5,s0586
symptom/abdominal symptom/pelvic symptom/pelvic mass/right upper quadrant pelvic mass,4,right upper quadrant pelvic mass,[],,5,s0587
symptom/abdominal symptom/pelvic symptom/pelvic mass/multiple sites pelvic mass,4,multiple sites pelvic mass,[],,4,s0588
symptom/abdominal symptom/pelvic symptom/pelvic mass/left lower quadrant pelvic mass,4,left lower quadrant pelvic mass,[],,5,s0589
symptom/abdominal symptom/abdominal distention,2,abdominal distention,[],,2,s0590
symptom/abdominal symptom/abdominal cramp,2,abdominal cramp,['stomach cramp'],,2,s0591
symptom/abdominal symptom/abdominal cramp/severe abdominal cramp,3,severe abdominal cramp,[],,3,s0592
symptom/abdominal symptom/abdominal mass,2,abdominal mass,[],,2,s0593
symptom/abdominal symptom/abdominal mass/right lower quadrant abdominal mass,3,right lower quadrant abdominal mass,[],,5,s0594
symptom/abdominal symptom/abdominal mass/left upper quadrant abdominal mass,3,left upper quadrant abdominal mass,[],,5,s0595
symptom/abdominal symptom/abdominal mass/generalized abdominal mass,3,generalized abdominal mass,[],,3,s0596
symptom/abdominal symptom/abdominal mass/epigastric abdominal mass,3,epigastric abdominal mass,[],,3,s0597
symptom/abdominal symptom/abdominal mass/right upper quadrant abdominal mass,3,right upper quadrant abdominal mass,[],,5,s0598
symptom/abdominal symptom/abdominal mass/multiple sites abdominal mass,3,multiple sites abdominal mass,[],,4,s0599
symptom/abdominal symptom/abdominal mass/left lower quadrant abdominal mass,3,left lower quadrant abdominal mass,[],,5,s0600
symptom/abdominal symptom/abdominal mass/periumbilic abdominal mass,3,periumbilic abdominal mass,[],,3,s0601
symptom/abdominal symptom/abdominal lump,2,abdominal lump,[],,2,s0602
symptom/abdominal symptom/abdominal lump/left upper quadrant abdominal lump,3,left upper quadrant abdominal lump,[],,5,s0603
symptom/abdominal symptom/abdominal lump/left lower quadrant abdominal lump,3,left lower quadrant abdominal lump,[],,5,s0604
symptom/abdominal symptom/abdominal lump/epigastric abdominal lump,3,epigastric abdominal lump,[],,3,s0605
symptom/abdominal symptom/abdominal lump/generalized abdominal lump,3,generalized abdominal lump,[],,3,s0606
symptom/abdominal symptom/abdominal lump/right upper quadrant abdominal lump,3,right upper quadrant abdominal lump,[],,5,s0607
symptom/abdominal symptom/abdominal lump/right lower quadrant abdominal lump,3,right lower quadrant abdominal lump,[],,5,s0608
symptom/abdominal symptom/abdominal lump/multiple sites abdominal lump,3,multiple sites abdominal lump,[],,4,s0609
symptom/abdominal symptom/abdominal lump/periumbilic abdominal lump,3,periumbilic abdominal lump,[],,3,s0610
symptom/abdominal symptom/abdominal swelling,2,abdominal swelling,[],,2,s0611
symptom/abdominal symptom/abdominal swelling/left lower quadrant abdominal swelling,3,left lower quadrant abdominal swelling,[],,5,s0612
symptom/abdominal symptom/abdominal swelling/periumbilic abdominal swelling,3,periumbilic abdominal swelling,[],,3,s0613
symptom/abdominal symptom/abdominal swelling/multiple sites abdominal swelling,3,multiple sites abdominal swelling,[],,4,s0614
symptom/abdominal symptom/abdominal swelling/right lower quadrant abdominal swelling,3,right lower quadrant abdominal swelling,[],,5,s0615
symptom/abdominal symptom/abdominal swelling/generalized abdominal swelling,3,generalized abdominal swelling,[],,3,s0616
symptom/abdominal symptom/abdominal swelling/left upper quadrant abdominal swelling,3,left upper quadrant abdominal swelling,[],,5,s0617
symptom/abdominal symptom/abdominal swelling/right upper quadrant abdominal swelling,3,right upper quadrant abdominal swelling,[],,5,s0618
symptom/abdominal symptom/abdominal swelling/epigastric abdominal swelling,3,epigastric abdominal swelling,[],,3,s0619
symptom/head and neck symptom,1,head and neck symptom,[],,4,s0620
symptom/head and neck symptom/throat symptom,2,throat symptom,[],,2,s0621
symptom/head and neck symptom/throat symptom/hemorrhage from throat,3,hemorrhage from throat,[],,3,s0622
symptom/head and neck symptom/throat symptom/hoarseness,3,hoarseness,[],,1,s0623
symptom/head and neck symptom/throat symptom/lesions in oropharynx,3,lesions in oropharynx,[],,3,s0624
symptom/head and neck symptom/throat symptom/tracheitis,3,tracheitis,[],doid/symp duplicate,1,s0625
symptom/head and neck symptom/throat symptom/laryngitis,3,laryngitis,[],doid/symp duplicate,1,s0626
symptom/head and neck symptom/throat symptom/laryngotracheitis,3,laryngotracheitis,['larynx and trachea inflammation'],doid/symp duplicate,1,s0627
symptom/head and neck symptom/throat symptom/tracheobronchitis,3,tracheobronchitis,[],,1,s0628
symptom/head and neck symptom/throat symptom/dysphagia,3,dysphagia,"['difficulty in swallowing', 'difficulty swallowing', 'impaired swallowing']",,1,s0629
symptom/head and neck symptom/throat symptom/thyroid symptom,3,thyroid symptom,[],,2,s0630
symptom/head and neck symptom/throat symptom/thyroid symptom/thyroid abscesses,4,thyroid abscesses,[],,2,s0631
symptom/head and neck symptom/throat symptom/pharynx inflammation,3,pharynx inflammation,[],,2,s0632
symptom/head and neck symptom/throat symptom/inability to swallow,3,inability to swallow,[],,3,s0633
symptom/head and neck symptom/throat symptom/decreased pharyngeal tone,3,decreased pharyngeal tone,[],,3,s0634
symptom/head and neck symptom/neck symptom,2,neck symptom,['cervicalgia'],,2,s0635
symptom/head and neck symptom/neck symptom/cervical edema,3,cervical edema,[],Cervical edema is a neck symptom characterized by an abnormal excess accumulation of serous fluid in the soft tissue of the cervical area.,2,s0636
symptom/head and neck symptom/neck symptom/neck weakness,3,neck weakness,[],,2,s0637
symptom/head and neck symptom/neck symptom/hyperemia of the neck,3,hyperemia of the neck,[],Hyperemia of the neck is a neck symptom consisting of an excess of blood in the tissues of the neck as from an increased flow of blood due to vasodilation.,4,s0638
symptom/head and neck symptom/neck symptom/stiff neck,3,stiff neck,[],,2,s0639
symptom/head and neck symptom/head symptom,2,head symptom,[],,2,s0640
symptom/head and neck symptom/head symptom/head swelling,3,head swelling,[],,2,s0641
symptom/head and neck symptom/head symptom/eye symptom,3,eye symptom,[],,2,s0642
symptom/head and neck symptom/head symptom/eye symptom/sore eyes,4,sore eyes,[],Sore eyes is a eye symptom characterized by an inflammation of the thin covering of the eyeball and the inner eyelid brought about by a viral infection which may be highly contagious.,2,s0643
symptom/head and neck symptom/head symptom/eye symptom/exophthalmos,4,exophthalmos,"['exophthalmus', 'exophthalmia', 'proptosis']",An abnormal protrusion or displacement of an eye or other body part.|doid/symp duplicate,1,s0644
symptom/head and neck symptom/head symptom/eye symptom/bloodshot eye,4,bloodshot eye,"['redness of eye', 'red eye']",,2,s0645
symptom/head and neck symptom/head symptom/eye symptom/cornea symptom,4,cornea symptom,[],,2,s0646
symptom/head and neck symptom/head symptom/eye symptom/cornea symptom/cloudy cornea,5,cloudy cornea,[],,2,s0647
symptom/head and neck symptom/head symptom/eye symptom/cornea symptom/keratitis,5,keratitis,"['inflammation of the cornea of the eye', 'corneitis']",doid/symp duplicate,1,s0648
symptom/head and neck symptom/head symptom/eye symptom/cornea symptom/corneal opacity,5,corneal opacity,[],,2,s0649
symptom/head and neck symptom/head symptom/eye symptom/cornea symptom/corneal ulcers,5,corneal ulcers,[],,2,s0650
symptom/head and neck symptom/head symptom/eye symptom/cornea symptom/corneal scarring,5,corneal scarring,[],"A cornea symptom that is characterized by scarring (an opacity or irregularity in the cornea) of the cornea, from trauma; abrasion; bacterial, fungal, viral, or parasitic infection; or disease, and can result in impaired vision, or even blindness.",2,s0651
symptom/head and neck symptom/head symptom/eye symptom/conjunctiva symptom,4,conjunctiva symptom,[],,2,s0652
symptom/head and neck symptom/head symptom/eye symptom/conjunctiva symptom/conjunctival degeneration,5,conjunctival degeneration,[],,2,s0653
symptom/head and neck symptom/head symptom/eye symptom/conjunctiva symptom/conjunctival suffusion,5,conjunctival suffusion,[],An eye symptom that is characterized by (need def conjunctival suffusion - placeholder for xref).,2,s0654
symptom/head and neck symptom/head symptom/eye symptom/conjunctiva symptom/conjunctival swelling,5,conjunctival swelling,[],,2,s0655
symptom/head and neck symptom/head symptom/eye symptom/conjunctiva symptom/conjunctival congestion,5,conjunctival congestion,[],An eye symptom that is characterized by (need def conjunctival congestion - placeholder for xref).,2,s0656
symptom/head and neck symptom/head symptom/eye symptom/conjunctiva symptom/conjunctivitis,5,conjunctivitis,[],doid/symp duplicate,1,s0657
symptom/head and neck symptom/head symptom/eye symptom/conjunctiva symptom/conjunctivitis/severe conjunctivitis,6,severe conjunctivitis,[],,2,s0658
symptom/head and neck symptom/head symptom/eye symptom/conjunctiva symptom/conjunctivitis/mild conjunctivitis,6,mild conjunctivitis,[],,2,s0659
symptom/head and neck symptom/head symptom/eye symptom/light sensitivity,4,light sensitivity,[],,2,s0660
symptom/head and neck symptom/head symptom/eye symptom/light sensitivity/photophobia,5,photophobia,['light intolerance'],,1,s0661
symptom/head and neck symptom/head symptom/eye symptom/excessive tearing,4,excessive tearing,[],doid/symp duplicate,2,s0662
symptom/head and neck symptom/head symptom/eye symptom/vision symptom,4,vision symptom,[],,2,s0663
symptom/head and neck symptom/head symptom/eye symptom/vision symptom/loss of vision,5,loss of vision,[],,3,s0664
symptom/head and neck symptom/head symptom/eye symptom/vision symptom/loss of vision/amaurosis,6,amaurosis,[],,1,s0665
symptom/head and neck symptom/head symptom/eye symptom/vision symptom/loss of vision/amaurosis/amaurosis fugax,7,amaurosis fugax,[],,2,s0666
symptom/head and neck symptom/head symptom/eye symptom/vision symptom/blindness,5,blindness,[],doid/symp duplicate,1,s0667
symptom/head and neck symptom/head symptom/eye symptom/vision symptom/double vision,5,double vision,['diplopia'],,2,s0668
symptom/head and neck symptom/head symptom/eye symptom/vision symptom/double vision/occasional diplopia,6,occasional diplopia,[],,2,s0669
symptom/head and neck symptom/head symptom/eye symptom/vision symptom/blind spot,5,blind spot,[],,2,s0670
symptom/head and neck symptom/head symptom/eye symptom/vision symptom/acquired color vision deficiency,5,acquired color vision deficiency,[],,4,s0671
symptom/head and neck symptom/head symptom/eye symptom/vision symptom/vision distortion,5,vision distortion,[],,2,s0672
symptom/head and neck symptom/head symptom/eye symptom/vision symptom/vision distortion/disturbed vision,6,disturbed vision,['disturbance of vision'],,2,s0673
symptom/head and neck symptom/head symptom/eye symptom/vision symptom/vision distortion/blurred vision,6,blurred vision,[],"A vision symptom that is characterized by a decreased clarity or sharpness in vision, which can be caused by eye conditions myopia or hyperopia.",2,s0674
symptom/head and neck symptom/head symptom/eye symptom/vision symptom/vision distortion/blurred vision/blurred vision with haloes,7,blurred vision with haloes,[],,4,s0675
symptom/head and neck symptom/head symptom/eye symptom/inflamed eyes,4,inflamed eyes,[],,2,s0676
symptom/head and neck symptom/head symptom/eye symptom/ocular lesion,4,ocular lesion,[],,2,s0677
symptom/head and neck symptom/head symptom/eye symptom/moderate conjuctival injection,4,moderate conjuctival injection,[],,3,s0678
symptom/head and neck symptom/head symptom/eye symptom/intraretinal hemorrhage,4,intraretinal hemorrhage,[],,2,s0679
symptom/head and neck symptom/head symptom/eye symptom/decreased tearing,4,decreased tearing,[],An eye symptom that is characterized by a reduction in the saline fluid secreted by the lacrimal gland.,2,s0680
symptom/head and neck symptom/head symptom/eye symptom/hypopyon,4,hypopyon,[],doid/symp duplicate,1,s0681
symptom/head and neck symptom/head symptom/eye symptom/eye strain,4,eye strain,[],,2,s0682
symptom/head and neck symptom/head symptom/eye symptom/asthenopia,4,asthenopia,"['rapid eye fatigue', 'eye weakness']",doid/symp duplicate,1,s0683
symptom/head and neck symptom/head symptom/eye symptom/nystagmus,4,nystagmus,['rapid involuntary rhythmic eye movement'],,1,s0684
symptom/head and neck symptom/head symptom/eye symptom/subconjunctival bleeding,4,subconjunctival bleeding,[],,2,s0685
symptom/head and neck symptom/head symptom/eye symptom/yellow exudate from eyes,4,yellow exudate from eyes,[],,4,s0686
symptom/head and neck symptom/head symptom/eye symptom/anisocoria,4,anisocoria,"['enlargement of one pupil', 'pupils of different size']",,1,s0687
symptom/head and neck symptom/head symptom/eye symptom/anterior scleral inflammation,4,anterior scleral inflammation,[],,3,s0688
symptom/head and neck symptom/head symptom/eye symptom/cranial nerve palsies,4,cranial nerve palsies,[],,3,s0689
symptom/head and neck symptom/head symptom/eye symptom/pupil symptom,4,pupil symptom,[],,2,s0690
symptom/head and neck symptom/head symptom/eye symptom/pupil symptom/dilated pupil,5,dilated pupil,[],,2,s0691
symptom/head and neck symptom/head symptom/eye symptom/pupil symptom/dilated pupil/mydriasis,6,mydriasis,"['prolonged pupil dilation', 'excessive pupil dilation']",,1,s0692
symptom/head and neck symptom/head symptom/eye symptom/pupil symptom/dilated pupil/mydriasis/unreactive mydriasis,7,unreactive mydriasis,[],,2,s0693
symptom/head and neck symptom/head symptom/eye symptom/pupil symptom/dilated pupil/fixed dilated pupils,6,fixed dilated pupils,[],,3,s0694
symptom/head and neck symptom/head symptom/eye symptom/pupil symptom/contracted pupil,5,contracted pupil,[],,2,s0695
symptom/head and neck symptom/head symptom/eye symptom/pupil symptom/contracted pupil/miosis,6,miosis,[],,1,s0696
symptom/head and neck symptom/head symptom/eye symptom/icteric eyes,4,icteric eyes,[],Icteric eyes is a eye symptom characterized by yellowed eyes due to bile or bilirubin accumulation.,2,s0697
symptom/head and neck symptom/head symptom/eye symptom/eye discharge,4,eye discharge,['ocular discharge'],,2,s0698
symptom/head and neck symptom/head symptom/eye symptom/fixed pupil,4,fixed pupil,['fixed pupils'],,2,s0699
symptom/head and neck symptom/head symptom/facial tremor,3,facial tremor,[],"Facial tremor is a head symptom characterized by a trembling or shaking of the muscles of the face usually from physical weakness, emotional stress, or disease, may be emphasized by the firm closure of the eyes, elevation of the eyebrows, or drawing down and outward of the corners of the mouth.",2,s0700
symptom/head and neck symptom/head symptom/lateroventral deviation of the head,3,lateroventral deviation of the head,[],,5,s0701
symptom/head and neck symptom/head symptom/hydrocephalus,3,hydrocephalus,[],doid/symp duplicate,1,s0702
symptom/head and neck symptom/head symptom/head pressing,3,head pressing,[],,2,s0703
symptom/head and neck symptom/head symptom/ear symptom,3,ear symptom,[],,2,s0704
symptom/head and neck symptom/head symptom/ear symptom/bone conduction hyperacusis,4,bone conduction hyperacusis,[],An ear symptom - need proper definition - placeholder for xref.,3,s0705
symptom/head and neck symptom/head symptom/ear symptom/tinnitus,4,tinnitus,['sensation of noise'],,1,s0706
symptom/head and neck symptom/head symptom/ear symptom/otitis,4,otitis,[],"Otitis is a ear symptom characterized as a general term for inflammation or infection of the ear, in both humans and other animals.",1,s0707
symptom/head and neck symptom/head symptom/ear symptom/droopy ears,4,droopy ears,[],,2,s0708
symptom/head and neck symptom/head symptom/ear symptom/deafness,4,deafness,[],,1,s0709
symptom/head and neck symptom/head symptom/face hyperemia,3,face hyperemia,[],Hyperemia of the face is a head symptom consisting of an excess of blood in the tissues of the face as from an increased flow of blood due to vasodilation.,2,s0710
symptom/head and neck symptom/head symptom/mouth symptom,3,mouth symptom,[],,2,s0711
symptom/head and neck symptom/head symptom/mouth symptom/dry mouth,4,dry mouth,[],,2,s0712
symptom/head and neck symptom/head symptom/mouth symptom/lesions in mouth,4,lesions in mouth,[],,3,s0713
symptom/head and neck symptom/head symptom/mouth symptom/palate weakness,4,palate weakness,[],,2,s0714
symptom/head and neck symptom/head symptom/mouth symptom/slurred speech,4,slurred speech,[],,2,s0715
symptom/head and neck symptom/head symptom/mouth symptom/thick white exudate on tongue,4,thick white exudate on tongue,[],,5,s0716
symptom/head and neck symptom/head symptom/mouth symptom/mouth bleeding,4,mouth bleeding,[],,2,s0717
symptom/head and neck symptom/head symptom/mouth symptom/mouth bleeding/gum bleeding,5,gum bleeding,['gingival hemorrhage'],Gum bleeding is a mouth symptom characterized by a copious discharge of blood from the blood vessels of the mucosal tissue that lies over the alveolar bone.,2,s0718
symptom/head and neck symptom/head symptom/mouth symptom/voice disturbance,4,voice disturbance,[],,2,s0719
symptom/head and neck symptom/head symptom/mouth symptom/voice disturbance/aphonia,5,aphonia,[],,1,s0720
symptom/head and neck symptom/head symptom/mouth symptom/voice disturbance/hoarse voice,5,hoarse voice,[],,2,s0721
symptom/head and neck symptom/head symptom/mouth symptom/voice disturbance/dysphonia,5,dysphonia,[],,1,s0722
symptom/head and neck symptom/head symptom/mouth symptom/mouth sore,4,mouth sore,[],,2,s0723
symptom/head and neck symptom/head symptom/mouth symptom/mouth papules,4,mouth papules,[],,2,s0724
symptom/head and neck symptom/head symptom/mouth symptom/herpetic lesion on upper lip,4,herpetic lesion on upper lip,[],,5,s0725
symptom/head and neck symptom/head symptom/mouth symptom/decreased tongue tone,4,decreased tongue tone,[],,3,s0726
symptom/head and neck symptom/head symptom/nose symptom,3,nose symptom,[],,2,s0727
symptom/head and neck symptom/head symptom/nose symptom/epistaxis,4,epistaxis,['nosebleed'],A nose symptom that involves a is loss of blood from the tissue lining the nose.,1,s0728
symptom/head and neck symptom/head symptom/nose symptom/rhinorrhea,4,rhinorrhea,['runny nose'],A nose symptom that is characterized by an excessive secretion of mucous through the nose.,1,s0729
symptom/head and neck symptom/head symptom/nose symptom/postnasal drainage,4,postnasal drainage,[],A nose symptom that is characterized by an an excessive secretion of mucous down the back of the throat.,2,s0730
symptom/head and neck symptom/head symptom/nose symptom/nasal bleeding,4,nasal bleeding,[],,2,s0731
symptom/head and neck symptom/head symptom/nose symptom/yellow exudate from nose,4,yellow exudate from nose,[],,4,s0732
symptom/head and neck symptom/head symptom/nose symptom/sinusitis,4,sinusitis,[],doid/symp duplicate,1,s0733
symptom/head and neck symptom/head symptom/nose symptom/nasal discharge,4,nasal discharge,[],,2,s0734
symptom/head and neck symptom/head symptom/facial weakness,3,facial weakness,[],,2,s0735
symptom/general symptom,1,general symptom,[],,2,s0736
symptom/general symptom/flaccidity,2,flaccidity,[],,1,s0737
symptom/general symptom/asthenia,2,asthenia,['loss of strength'],doid/symp duplicate,1,s0738
symptom/general symptom/prostration,2,prostration,[],Prostration is a general symptom characterized by complete physical or mental exhaustion.,1,s0739
symptom/general symptom/prostration/extreme prostration,3,extreme prostration,[],,2,s0740
symptom/general symptom/prostration/progressive prostration,3,progressive prostration,[],,2,s0741
symptom/general symptom/thirst,2,thirst,[],Thirst is a general symptom characterized by a sensation of dryness in the mouth and throat associated with a desire for liquids.,1,s0742
symptom/general symptom/inflammation,2,inflammation,[],"Inflammation is a general symptom where there is a local response to cellular injury that is marked by capillary dilatation, leukocytic infiltration, redness, heat, pain, swelling, and often loss of function and that serves as a mechanism initiating the elimination of noxious agents and of damaged tissue.",1,s0743
symptom/general symptom/inflammation/chronic inflammation,3,chronic inflammation,[],,2,s0744
symptom/general symptom/inflammation/granulomatous inflammation,3,granulomatous inflammation,[],,2,s0745
symptom/general symptom/chills,2,chills,['rigors'],,1,s0746
symptom/general symptom/tremor,2,tremor,[],"Tremor is a generial symptom characterized by a trembling or shaking usually from physical weakness, emotional stress, or disease.",1,s0747
symptom/general symptom/abscess,2,abscess,[],,1,s0748
symptom/general symptom/abscess/multiple abscesses,3,multiple abscesses,[],,2,s0749
symptom/general symptom/abscess/anal abscess,3,anal abscess,[],,2,s0750
symptom/general symptom/multiple organ failure,2,multiple organ failure,[],,3,s0751
symptom/general symptom/discharge,2,discharge,[],,1,s0752
symptom/general symptom/discharge/wound discharge,3,wound discharge,[],,2,s0753
symptom/general symptom/swelling symptom,2,swelling symptom,[],,2,s0754
symptom/general symptom/swelling symptom/leg swelling,3,leg swelling,[],,2,s0755
symptom/general symptom/swelling symptom/lymph gland swelling,3,lymph gland swelling,[],,3,s0756
symptom/general symptom/change in body sensation,2,change in body sensation,[],,4,s0757
symptom/general symptom/ptosis,2,ptosis,['droopiness'],"Ptosis is a general symptom characterized by a sagging or prolapse of an organ or part.|doid/symp duplicate - reviewed 10/2022, both DO & SYMP",1,s0758
symptom/general symptom/blood pressure,2,blood pressure,[],,2,s0759
symptom/general symptom/blood pressure/high blood pressure,3,high blood pressure,[],,3,s0760
symptom/general symptom/blood pressure/low blood pressure,3,low blood pressure,[],,3,s0761
symptom/general symptom/blood pressure/low blood pressure/hypotensive,4,hypotensive,[],"A low blood pressure characterized by or due to abnormally low blood pressure, especially in the arteries of the systemic circulation.",1,s0762
symptom/general symptom/slow pulse,2,slow pulse,[],,2,s0763
symptom/general symptom/extracellular fluid alteration,2,extracellular fluid alteration,[],,3,s0764
symptom/general symptom/extracellular fluid alteration/excess lymphocytes in cerebrospinal fluid,3,excess lymphocytes in cerebrospinal fluid,[],,5,s0765
symptom/general symptom/sensory disturbance,2,sensory disturbance,[],,2,s0766
symptom/general symptom/bleeding,2,bleeding,[],"A general symptom that is characterized as an act, instance, or result of being bled or the process by which something is bled: as a the escape of blood from vessels.",1,s0767
symptom/general symptom/shakes,2,shakes,['trembling'],Shakes is a general symptom characterized by a condition of trembling.,1,s0768
symptom/general symptom/necrosis,2,necrosis,[],"Necrosis is a general symptom where death of a portion of tissue differentially affected by local injury (as loss of blood supply, corrosion, burning, or the local lesion of a disease).",1,s0769
symptom/general symptom/necrosis/severe necrosis,3,severe necrosis,[],,2,s0770
symptom/general symptom/sleep disturbance,2,sleep disturbance,[],,2,s0771
symptom/general symptom/sleep disturbance/disruptions of 24-hour sleep-wake cycle,3,disruptions of 24hour sleepwake cycle,[],,5,s0772
symptom/general symptom/sleep disturbance/sleep related movement disorder,3,sleep related movement disorder,[],,4,s0773
symptom/general symptom/sleep disturbance/hypersomnia,3,hypersomnia,[],Hypersomnia is a sleep disturbance characterized by sleeping for excessive periods at intervals with intervening periods of normal duration of sleeping and waking.,1,s0774
symptom/general symptom/sleep disturbance/hypersomnia/hypersomnia with sleep apnea,4,hypersomnia with sleep apnea,[],,4,s0775
symptom/general symptom/sleep disturbance/dysfunctions associated with sleep stages,3,dysfunctions associated with sleep stages,[],,5,s0776
symptom/general symptom/sleep disturbance/dysfunctions associated with arousal from sleep,3,dysfunctions associated with arousal from sleep,[],,6,s0777
symptom/general symptom/sleep disturbance/insomnia,3,insomnia,['agrypnia'],Insomnia is a sleep disturbance characterized by prolonged and usually abnormal inability to obtain adequate sleep.,1,s0778
symptom/general symptom/sleep disturbance/insomnia/insomnia with sleep apnea,4,insomnia with sleep apnea,[],,4,s0779
symptom/general symptom/sleep disturbance/night sweats,3,night sweats,['sleep hyperhidrosis'],,2,s0780
symptom/general symptom/weakness,2,weakness,[],,1,s0781
symptom/general symptom/weakness/progressive weakness,3,progressive weakness,[],,2,s0782
symptom/general symptom/weakness/profound weakness,3,profound weakness,[],,2,s0783
symptom/general symptom/listlessness,2,listlessness,['languid'],,1,s0784
symptom/general symptom/cramp,2,cramp,[],,1,s0785
symptom/general symptom/infant symptom,2,infant symptom,[],,2,s0786
symptom/general symptom/infant symptom/fussy infant,3,fussy infant,[],,2,s0787
symptom/general symptom/infant symptom/excessive crying of infant,3,excessive crying of infant,[],,4,s0788
symptom/general symptom/infant symptom/weak cry,3,weak cry,[],,2,s0789
symptom/general symptom/hallucination,2,hallucination,[],Hallucination is a general symptom where there is a perception of something (as a visual image or a sound) with no external cause usually arising from a disorder of the nervous system (as in delirium tremens or in functional psychosis without known neurological disease) or in response to drugs (as LSD).,1,s0790
symptom/general symptom/giddiness,2,giddiness,[],,1,s0791
symptom/neurological and physiological symptom,1,neurological and physiological symptom,[],,4,s0792
symptom/neurological and physiological symptom/fever,2,fever,['pyrexia'],"A neurological and physiological symptom that is characterized by a rise of body temperature above the normal, whether as a natural response (as to infection) or artificially induced for therapeutic reasons.",1,s0793
symptom/neurological and physiological symptom/fever/relapsing fever,3,relapsing fever,[],A fever that is characterized by  body temperature periodically rising and falling.|doid/symp duplicate,2,s0794
symptom/neurological and physiological symptom/fever/cyclic fever,3,cyclic fever,"['intermittent fever', 'recurrent fever']",A fever that is characterized by occurring during periodic episodes.,2,s0795
symptom/neurological and physiological symptom/fever/afebrile,3,afebrile,[],A fever that is characterized by the state of being free from fever.,1,s0796
symptom/neurological and physiological symptom/fever/sudden onset of fever,3,sudden onset of fever,[],,4,s0797
symptom/neurological and physiological symptom/fever/hyperpyrexia,3,hyperpyrexia,[],"A fever that is characterized by an extreme elevation of body temperature greater than, or equal to, 41.5 degrees Celsius (106.7 degrees Fahrenheit).",1,s0798
symptom/neurological and physiological symptom/fever/remittent fever,3,remittent fever,[],A fever that is characterized by a fever where the temperature remains above normal throughout the day and fluctuates more than 1 degree Celsius in 24 hours.,2,s0799
symptom/neurological and physiological symptom/fever/mild fever,3,mild fever,[],A fever that is characterized by being mild in form.,2,s0800
symptom/neurological and physiological symptom/fever/mild fever/low-grade fever,4,lowgrade fever,['low grade fever'],A mild fever that is characterized by a fever that does not exceed 38.5 degrees Celsius (101.3 degrees Fahrenheit).,2,s0801
symptom/neurological and physiological symptom/fever/high fever,3,high fever,[],A fever that is characterized by an elevated temperature.,2,s0802
symptom/neurological and physiological symptom/fever/high fever/very high fever,4,very high fever,[],A high fever that is characterized by extremely high temperatures.,3,s0803
symptom/neurological and physiological symptom/fever/high fever/hyperthermia,4,hyperthermia,[],A high fever that is characterized by an exceptionally high fever especially when induced artificially for therapeutic purposes.,1,s0804
symptom/neurological and physiological symptom/fever/Pel-Epstein fever,3,pelepstein fever,[],"A fever that is characterized by association with Hodgkin's lymphoma, where the fever alternates weekly from high to low.",2,s0805
symptom/neurological and physiological symptom/fever/prolonged fever,3,prolonged fever,[],A fever that is characterized by as  persisting over a prolonged period of time.,2,s0806
symptom/neurological and physiological symptom/fever/continuous fever,3,continuous fever,['continued fever'],A fever that is characterized by a temperature remaining above normal throughout the day and which does not fluctuate more than 1 degree Celsius in 24 hours.,2,s0807
symptom/neurological and physiological symptom/fever/transient fever,3,transient fever,[],A fever that is characterized by a rise of body temperature above the normal that is sustained for only a short period of time.,2,s0808
symptom/neurological and physiological symptom/fatigue,2,fatigue,[],"A neurological and physiological symptom that is characterized by a weariness or exhaustion from labor, exertion, or stress.",1,s0809
symptom/neurological and physiological symptom/fatigue/exhaustion,3,exhaustion,[],"A fatigue that is characterized by a feeling of weariness (bodily or mental) or feeling of weakness.  Exhaustion is a shorter-lived form of fatigue that can be experienced emotionally, mentally, and physically.",1,s0810
symptom/neurological and physiological symptom/fatigue/exhaustion/extreme exhaustion,4,extreme exhaustion,[],"An exhaustion that is characterized by exceeding the ordinary, usual, or expected.",2,s0811
symptom/neurological and physiological symptom/fatigue/weariness,3,weariness,[],"A fatigue that is characterized by a feeling of exhaustion in strength, endurance, and vigor.",1,s0812
symptom/neurological and physiological symptom/fatigue/tiredness,3,tiredness,[],"A fatigue that is characterized by a feeling of a lessened capacity for work and reduced efficiency of accomplishment, usually accompanied by a sense of weariness and fatigue.",1,s0813
symptom/neurological and physiological symptom/fatigue/lethargy,3,lethargy,[],A fatigue that is characterized by abnormal drowsiness.,1,s0814
symptom/neurological and physiological symptom/fatigue/extreme fatigue,3,extreme fatigue,[],"A fatigue that is characterized by exceeding the ordinary, usual, or expected.",2,s0815
symptom/neurological and physiological symptom/malaise,2,malaise,[],"A neurological and physiological symptom that is characterized by an indefinite feeling of debility or lack of health, often indicative of or accompanying the onset of an illness.",1,s0816
symptom/neurological and physiological symptom/memory loss,2,memory loss,[],"A neurological and physiological symptom that is characterized by an unusual forgetfulness. One may not be able to remember new events, recall one or more memories of the past, or both.  Memory loss may be for a short time and then resolve (transient), or it may not go away and get worse over time.",2,s0817
symptom/neurological and physiological symptom/alteration of consciousness,2,alteration of consciousness,[],A neurological and physiological symptom that is characterized by any condition which is significantly different from a normal waking state.,3,s0818
symptom/neurological and physiological symptom/alteration of consciousness/concentration difficulty,3,concentration difficulty,[],"An alteration of consciousness that is characterized by a decreased ability to focus one's thoughts on something. Concentration difficulties can be related to difficulty staying awake, impulsiveness, intrusive thoughts or concerns, overactivity, or inattention. They can be caused by medical, cognitive or psychological problems, or, may be related to sleep disorders, medications, alcohol, or drugs.",2,s0819
symptom/neurological and physiological symptom/alteration of consciousness/inability to think clearly,3,inability to think clearly,"['clouded sensorium', 'decreased sensorium']",,4,s0820
symptom/neurological and physiological symptom/alteration of consciousness/inability to concentrate,3,inability to concentrate,[],,3,s0821
symptom/neurological and physiological symptom/alteration of consciousness/transient alteration of awareness,3,transient alteration of awareness,[],An alteration of consciousness that is characterized by a brief (transient) episode of losing normal awareness or behavior.,4,s0822
symptom/neurological and physiological symptom/alteration of consciousness/persistent vegetative state,3,persistent vegetative state,[],"An alteration of consciousness that is characterized by an individual with severe brain damage being in a state of partial arousal rather than true awareness. After four weeks in a vegetative state, the patient is classified as being in a persistent vegetative state. After three months in the US and six months in the UK, the diagnosis is classified as a permanent vegetative state after a non-traumatic brain injury, or, one year after a traumatic injury.",3,s0823
symptom/neurological and physiological symptom/alteration of consciousness/stupor,3,stupor,[],"An alteration of consciousness that is characterized by a lack of critical mental function and a level of consciousness, in which an affected person is almost entirely unresponsive and responds only to intense stimuli such as pain.",1,s0824
symptom/neurological and physiological symptom/alteration of consciousness/conscious disturbance,3,conscious disturbance,[],"An alteration of consciousness that is characterized by a disturbance in sentience (the ability to experience feelings and sensations) or awareness of one's internal and external existence, i.e. inhibited or absent self-awareness.",2,s0825
symptom/neurological and physiological symptom/alteration of consciousness/syncope,3,syncope,"['loss of consciousness due to insuffiecient blood flow to the brain', 'faint', 'fainting']",An alteration of consciousness that is characterized by a loss of consciousness resulting from insufficient blood flow to the brain.,1,s0826
symptom/neurological and physiological symptom/alteration of consciousness/syncope and collapse,3,syncope and collapse,[],An alteration of consciousness that is characterized by a loss of consciousness resulting from insufficient blood flow to the brain and limb weakness progressing to collapse.,3,s0827
symptom/neurological and physiological symptom/alteration of consciousness/coma,3,coma,[],"An alteration of consciousness that is characterized by a deep state of prolonged unconsciousness in which a person cannot be awakened, fails to respond normally to painful stimuli, light, or sound, lacks a normal wake-sleep cycle and does not initiate voluntary actions.",1,s0828
symptom/neurological and physiological symptom/proprioception symptom,2,proprioception symptom,[],"A neurological and physiological symptom that is characterized by one's body’s ability to sense movement, action, and location and results from sensory receptors in one's nervous system and body (muscles, joints, and tendons).",2,s0829
symptom/neurological and physiological symptom/proprioception symptom/decreased conscious proprioception,3,decreased conscious proprioception,[],A proprioception symptom that is characterized by a decreased ability of an organism to consciously process the reception of stimuli produced within the organism.,3,s0830
symptom/neurological and physiological symptom/memory impairment,2,memory impairment,[],"A neurological and physiological symptom that is characterized by a diminished or reduced ability to remember things such as dates and names, and increased forgetfulness.",2,s0831
symptom/neurological and physiological symptom/loss of consciousness,2,loss of consciousness,[],"A neurological and physiological symptom that is characterized by a state in which an individual lacks normal awareness of self and the surrounding environment and one's ability to remain awake, aware, and oriented is impaired.",3,s0832
symptom/neurological and physiological symptom/hypothermia,2,hypothermia,[],"A neurological and physiological symptom that is characterized by a subnormal temperature of the body, as defined by a temperature under 36.6 degrees Celcius (97.8 degrees Fahrenheit).",1,s0833
symptom/neurological and physiological symptom/delirium,2,delirium,[],"A neurological and physiological symptom that is characterized by a mental disturbance characterized by confusion, disordered speech, and hallucinations.",1,s0834
symptom/neurological and physiological symptom/depression,2,depression,[],"A neurological and physiological symptom that is characterized by a chronic feeling of emptiness, sadness, or inability to feel pleasure that may appear to happen for no clear reason.  Additionally one may experience feelings of hopelessness, pessimism, irritability, frustration, or restlessness, guilt, worthlessness and thoughts of death or suicide.",1,s0835
symptom/neurological and physiological symptom/drowsiness,2,drowsiness,"['drowsy', 'somnolence']",A neurological and physiological symptom that is characterized by a feeling of being more sleepy than normal during the day. People who are drowsy may fall asleep in when they do not want to or at times which can lead to safety concerns.,1,s0836
symptom/neurological and physiological symptom/ataxia,2,ataxia,['uncoordination'],A neurological and physiological symptom that is characterized by an inability to coordinate voluntary muscular movements that is symptomatic of some nervous disorders.,1,s0837
symptom/neurological and physiological symptom/ataxia/sudden ataxis,3,sudden ataxis,[],,2,s0838
symptom/neurological and physiological symptom/balance symptom,2,balance symptom,[],"A neurological and physiological symptom that is characterized by any of the following: dizziness or vertigo (a spinning sensation); falling or feeling as if you are going to fall; staggering when walking; lightheadedness, faintness, or a floating sensation; and confusion or disorientation.",2,s0839
symptom/neurological and physiological symptom/balance symptom/dizziness,3,dizziness,['dizzy'],A  balance symptom that is characterized by a sensation of unsteadiness accompanied by a feeling of movement within the head.,1,s0840
symptom/neurological and physiological symptom/balance symptom/dizziness/vertigo,4,vertigo,[],"A dizziness that is characterized by a specific type of dizziness, a major symptom of a balance disorder. It is the sensation of spinning or swaying while the body is stationary with respect to the surroundings.",1,s0841
symptom/neurological and physiological symptom/balance symptom/dizziness/vertigo/subjective vertigo,5,subjective vertigo,[],A vertigo that is characterized by a sensation that one's body is revolving in space.,2,s0842
symptom/neurological and physiological symptom/balance symptom/dizziness/vertigo/objective vertigo,5,objective vertigo,[],A vertigo that is characterized by a sensation that the external world is revolving.,2,s0843
symptom/neurological and physiological symptom/balance symptom/loss of balance,3,loss of balance,[],"A  balance symptom that is characterized by an inability to stay upright and move confidently.  Loss of balance may be due to problems in the inner ear, the brain, or the heart. Aging, infections, head injury, certain medicines, and problems with blood circulation may also cause balance problems.",3,s0844
symptom/neurological and physiological symptom/balance symptom/lightheadedness,3,lightheadedness,['lightheadedness'],"A  balance symptom that is characterized by a condition of being dizzy or on the verge of fainting, particularly when one arises to a standing position. Lightheadedness is a predictable consequence of any medication tending to lower blood pressure.",1,s0845
symptom/neurological and physiological symptom/balance symptom/confusion,3,confusion,[],"A balance symptom that is characterized by a disturbance of consciousness characterized by inability to engage in orderly thought or by lack of power to distinguish, choose, or act decisively.",1,s0846
symptom/neurological and physiological symptom/balance symptom/confusion/disorientation,4,disorientation,[],"A confusion that is characterized by an usually transient state of confusion especially as to time, place, or identity; often as a result of disease or drugs.",1,s0847
symptom/neurological and physiological symptom/agitation,2,agitation,[],A neurological and physiological symptom that is characterized by a feeling of irritability or severe restlessness.,1,s0848
symptom/neurological and physiological symptom/catatonia,2,catatonia,[],"A neurological and physiological symptom that is characterized by a marked psychomotor disturbance that may involve stupor or mutism, negativism, rigidity, purposeless excitement, echolalia, echopraxia, and inappropriate or bizarre posturing and is associated with various medical conditions (as schizophrenia and mood disorders).",1,s0849
symptom/neurological and physiological symptom/dysarthria,2,dysarthria,[],A neurological and physiological symptom that is characterized by a difficulty in articulating words due to disease of the central nervous system.,1,s0850
symptom/neurological and physiological symptom/anxiety,2,anxiety,[],A neurological and physiological symptom that is characterized by a painful or apprehensive uneasiness of mind usually over an impending or anticipated ill.,1,s0851
symptom/neurological and physiological symptom/anxiety/intense anxiety,3,intense anxiety,[],,2,s0852
symptom/neurological and physiological symptom/generalized hyperhidrosis,2,generalized hyperhidrosis,['secondary hyperhidrosis'],"A neurological and physiological symptom that is characterized by excessive sweating, i.e. the production of more sweat than is required to regulate body temperature.  Generalized hyperhidrosis is caused by non-thermoregulatory stimuli and affects the entire body.",2,s0853
"symptom/nutrition, metabolism, and development symptom",1,nutrition metabolism and development symptom,[],,5,s0854
"symptom/nutrition, metabolism, and development symptom/adult failure to thrive",2,adult failure to thrive,[],"A nutrition, metabolism, and development symptom that is characterized by a physical decline in health seen in older adults – typically those with multiple chronic medical conditions – resulting in decreased appetite and poor nutrition, weight loss, inactivity, often accompanied by dehydration, depression, decreasing functional ability, and impaired immune function.",4,s0855
"symptom/nutrition, metabolism, and development symptom/weight symptom",2,weight symptom,[],,2,s0856
"symptom/nutrition, metabolism, and development symptom/weight symptom/overweight",3,overweight,['obesity'],"A weight symptom that is characterized by being too heavy for one’s height. Excess body weight can come from fat, muscle, bone, and/or water retention. Being overweight does not always mean being obese.",1,s0857
"symptom/nutrition, metabolism, and development symptom/weight symptom/low birth weight",3,low birth weight,[],"A weight symptom that is characterized by an infant weighing 5.5 pounds (2500 grams) or less at birth.  Low birth weight may occur with premature birth, or due to smoking cigarettes, secondhand tobacco smoke exposure, drinking alcohol, and taking certain drugs during pregnancy.",3,s0858
"symptom/nutrition, metabolism, and development symptom/weight symptom/weight loss",3,weight loss,['loss of weight'],"A weight symptom that is characterized by a reduction of the total body mass, by a mean loss of fluid, body fat (adipose tissue), or lean mass (namely bone mineral deposits, muscle, tendon, and other connective tissue). Weight loss can either occur unintentionally because of malnourishment or an underlying disease.",2,s0859
"symptom/nutrition, metabolism, and development symptom/weight symptom/weight loss/abnormal weight loss",4,abnormal weight loss,[],"A weight loss that is characterized as deviating from what is normal or usual, typically in a way that is undesirable or worrying.",3,s0860
"symptom/nutrition, metabolism, and development symptom/weight symptom/weight loss/chronic weight loss",4,chronic weight loss,[],"A weight loss that is characterized by conditions that last 1 year or more and require ongoing medical attention, or limit activities of daily living, or both.",3,s0861
"symptom/nutrition, metabolism, and development symptom/weight symptom/weight loss/acute weight loss",4,acute weight loss,[],A weight loss that is characterized by a severe and sudden onset.,3,s0862
"symptom/nutrition, metabolism, and development symptom/weight symptom/underweight",3,underweight,[],"A weight symptom that is characterized by weighing less than the normal amount for one's age, height, and build.",1,s0863
"symptom/nutrition, metabolism, and development symptom/weight symptom/weight gain",3,weight gain,['gain of weight'],"A weight symptom that is characterized by an increase in body weight. This can involve an increase in muscle mass, fat deposits, excess fluids such as water or other factors.",2,s0864
"symptom/nutrition, metabolism, and development symptom/weight symptom/weight gain/acute weight gain",4,acute weight gain,[],A weight gain that is characterized by a severe and sudden onset.,3,s0865
"symptom/nutrition, metabolism, and development symptom/weight symptom/weight gain/chronic weight gain",4,chronic weight gain,[],"A weight gain that is characterized by conditions that last 1 year or more and require ongoing medical attention, or limit activities of daily living, or both.",3,s0866
"symptom/nutrition, metabolism, and development symptom/weight symptom/weight gain/abnormal weight gain",4,abnormal weight gain,[],"A weight gain that is characterized as deviating from what is normal or usual, typically in a way that is undesirable or worrying.",3,s0867
"symptom/nutrition, metabolism, and development symptom/polyphagia",2,polyphagia,[],"A nutrition, metabolism, and development symptom that is characterized by an excessive appetite or eating.",1,s0868
"symptom/nutrition, metabolism, and development symptom/anorexia",2,anorexia,[],"A nutrition, metabolism, and development symptom that is characterized by a loss of appetite especially when prolonged.",1,s0869
"symptom/nutrition, metabolism, and development symptom/feeding difficulties and mismanagement",2,feeding difficulties and mismanagement,[],,4,s0870
"symptom/nutrition, metabolism, and development symptom/feeding difficulties and mismanagement/inability to feed",3,inability to feed,[],A feeding difficulties and mismanagement that is characterized by a lack of feeding capacity.,3,s0871
"symptom/nutrition, metabolism, and development symptom/feeding difficulties and mismanagement/feeding problem",3,feeding problem,[],"A feeding difficulties and mismanagement that is characterized by delays and/or disorders in the development of eating and drinking skills including disordered placement of food in the mouth, difficulty in appropriately manipulating food when it is in the mouth, difficulty chewing, and/or difficulty swallowing.",2,s0872
"symptom/nutrition, metabolism, and development symptom/feeding difficulties and mismanagement/decreased sucking",3,decreased sucking,[],A feeding difficulties and mismanagement that is characterized by a decrease in muscle coordination to form a suck response so that the child can ingest milk.,2,s0873
"symptom/nutrition, metabolism, and development symptom/feeding difficulties and mismanagement/poor feeding",3,poor feeding,[],A feeding difficulties and mismanagement that is characterized by an infant with little interest in feeding and it can also refer to an infant who is not feeding enough to receive the necessary nutrition required for adequate growth.,2,s0874
"symptom/nutrition, metabolism, and development symptom/alteration of appetite",2,alteration of appetite,[],,3,s0875
"symptom/nutrition, metabolism, and development symptom/alteration of appetite/increased appetite",3,increased appetite,[],"An alteration of appetite that is characterized by an desire to eat, an excess desire for food.",2,s0876
"symptom/nutrition, metabolism, and development symptom/alteration of appetite/decreased appetite",3,decreased appetite,['poor appetite'],An alteration of appetite that is characterized by a reduced desire to eat.,2,s0877
"symptom/nutrition, metabolism, and development symptom/alteration of appetite/loss of appetite",3,loss of appetite,"['inappetence', 'lack of appetite']","An alteration of appetite that is characterized by a loss of desire to eat, i.e. no desire to eat.",3,s0878
"symptom/nutrition, metabolism, and development symptom/decreased metabolism",2,decreased metabolism,[],"A nutrition, metabolism, and development symptom that is characterized by a reduction in the chemical reactions catalyzed by enzymes, which keep us alive. Metabolism allows organisms to grow, reproduce, maintain their structures, and respond to their environments and can be divided into catabolism (breaking down of organic matter) and anabolism (building of molecules).",2,s0879
"symptom/nutrition, metabolism, and development symptom/lack of expected normal physiological development in childhood",2,lack of expected normal physiological development in childhood,[],,8,s0880
"symptom/nutrition, metabolism, and development symptom/lack of expected normal physiological development in childhood/delayed milestones",3,delayed milestones,['developmental delay'],A lack of expected normal physiological development in childhood that is characterized by a failure for a child to reach a significant stage at the predicted age and may include walking or talking.,2,s0881
"symptom/nutrition, metabolism, and development symptom/lack of expected normal physiological development in childhood/lack of normal physiological development",3,lack of normal physiological development,[],,5,s0882
"symptom/nutrition, metabolism, and development symptom/lack of expected normal physiological development in childhood/failure to thrive",3,failure to thrive,[],"A lack of expected normal physiological development in childhood that is characterized by a decelerated or arrested physical growth (height and weight measurements fall below the third or fifth percentile, or a downward change in growth across two major growth percentiles) and is associated with abnormal growth and development.",3,s0883
"symptom/nutrition, metabolism, and development symptom/lack of expected normal physiological development in childhood/short stature",3,short stature,[],"A lack of expected normal physiological development in childhood that is characterized by an individual's height being in the 3rd percentile for the mean height of a given age, sex, and population group.",2,s0884
"symptom/nutrition, metabolism, and development symptom/dehydration",2,dehydration,[],"A nutrition, metabolism, and development symptom that is characterized by an abnormal depletion of body fluids.",1,s0885
"symptom/nutrition, metabolism, and development symptom/polydipsia",2,polydipsia,[],"A nutrition, metabolism, and development symptom that is characterized by an excessive or abnormal thirst.",1,s0886
"symptom/nutrition, metabolism, and development symptom/delayed psychomotor development",2,delayed psychomotor development,[],"A nutrition, metabolism, and development symptom that is characterized by the delay in development child's cognitive, emotional, motor, and social capacities from the beginning of life throughout fetal and neonatal periods, infancy, childhood, and adolescence.",3,s0887
"symptom/nutrition, metabolism, and development symptom/wasting",2,wasting,[],"A nutrition, metabolism, and development symptom that is characterized by the unintended loss of weight and lean body tissue characteristic of many diseases (as cancer, tuberculosis, and AIDS).",1,s0888
"symptom/nutrition, metabolism, and development symptom/wasting/emaciation",3,emaciation,[],A wasting that is characterized by the state of being extremely thin as a result of an absence of body fat and very week as a result of muscle wasting; usually because of illness or extreme hunger.,1,s0889
"symptom/nutrition, metabolism, and development symptom/wasting/emaciation/progressive emaciation",4,progressive emaciation,[],An emaciation that is characterized by an increase in scope or severity with time.,2,s0890
"symptom/nutrition, metabolism, and development symptom/decreased milk production",2,decreased milk production,[],"A nutrition, metabolism, and development symptom that is characterized by a decrease in the production of milk in breastfeeding mothers.",3,s0891
"symptom/nutrition, metabolism, and development symptom/early satiety",2,early satiety,[],"A nutrition, metabolism, and development symptom that is characterized by a feeling of being full after a few bites of food, or before you finish a normal-sized meal.",2,s0892
"symptom/nutrition, metabolism, and development symptom/cachexia",2,cachexia,['general physical wasting and malnutrition'],"A nutrition, metabolism, and development symptom that is characterized by a general physical wasting and malnutrition usually associated with chronic disease.",1,s0893
